title_id,platform_id,title_as_listed_on_platform,direct_link,free_episode_count,view_count,view_count_date,last_checked
billionaire-ceo-s-obsession,goodshort,Billionaire CEO's Obsession,,,,,2026-07-04
campus-rivals,vigloo,Campus Rivals,,,,,2026-07-04
fated-to-my-forbidden-alpha,reelshort,Fated to My Forbidden Alpha,https://www.reelshort.com/movie/fated-to-my-forbidden-alpha-647ffff5be685964fe120217,,217.6M,2026-07-14,2026-07-14
freeze-my-wanted-lover,reelshort,Freeze! My Wanted Lover,https://www.reelshort.com/movie/freeze-my-wanted-lover-66b8ad64256bd7b11c0394a4,,10.5M,2026-07-14,2026-07-14
goodbye-my-ceo,reelshort,"Goodbye, My CEO",https://www.reelshort.com/movie/goodbye-my-ceo-64e572c914fc5451293b5766,,47.8M,2026-07-14,2026-07-14
hillbilly-girlie-marries-a-billionaire,reelshort,Hillbilly Girlie Marries a Billionaire,https://www.reelshort.com/movie/hillbilly-girlie-marries-a-billionaire-67f7917b8c6a1df566097a39,,60.3M,2026-07-14,2026-07-14
i-accidentally-hired-a-billionaire-husband,reelshort,I Accidentally Hired a Billionaire Husband,https://www.reelshort.com/movie/i-accidentally-hired-a-billionaire-husband-6633dd04ec07ca8b8507745e,,66.6M,2026-07-14,2026-07-14
love-blood,reelshort,Love & Blood,,,,,2026-07-04
love-in-the-shadows,my-drama,Love in the Shadows,,,,,2026-07-04
love-in-the-shadows,dramabox,Love in the Shadows,,,,,2026-07-04
my-alpha-my-forbidden-fate,reelshort,"My Alpha, My Forbidden Fate",https://www.reelshort.com/movie/my-alpha-my-forbidden-fate-6a1fa1f73d80264639051da5,,,,2026-07-04
the-alpha-s-daughter,reelshort,The Alpha's Daughter,https://www.reelshort.com/movie/the-alpha-s-daughter-65264474efd3301db005d353,,36.1M,2026-07-14,2026-07-14
the-double-life-of-my-billionaire-husband,reelshort,The Double Life of My Billionaire Husband,https://www.reelshort.com/movie/the-double-life-of-my-billionaire-husband-65a8cec883959aedd8001107,,522.3M,2026-07-14,2026-07-14
the-secret-of-my-billion-dollar-marriage,reelshort,The Secret of My Billion-dollar Marriage,https://www.reelshort.com/movie/the-secret-of-my-billion-dollar-marriage-67240e49ddb3110f6a03ec61,,52.1M,2026-07-14,2026-07-14
the-unwanted-mate,shortmax,The Unwanted Mate,,,,,2026-07-04
undercover-heiress,reelshort,Undercover Heiress,https://www.reelshort.com/movie/undercover-heiress-6916da7f686e13455b00b9b9,,8.4M,2026-07-14,2026-07-14
you-belong-with-me,reelshort,You Belong With Me,,,,,2026-07-04
your-husband-is-mine,reelshort,Your Husband Is Mine,https://www.reelshort.com/movie/your-husband-is-mine-693b8e4d64a3329d740a60c9,,82.9M,2026-07-14,2026-07-14
fated-to-the-alpha,reelshort,Fated to the Alpha,https://www.reelshort.com/movie/fated-to-the-alpha-6648015a89ceb7c17b0f7194,,134.9M,2026-07-14,2026-07-14
queen-mom-rules,reelshort,Queen Mom Rules,https://www.reelshort.com/movie/queen-mom-rules-687addd8fdb18489980cda6b,,53.3M,2026-07-16,2026-07-16
escorting-the-heiress,reelshort,Escorting the Heiress,https://www.reelshort.com/movie/escorting-the-heiress-65fe6694b2d411400d03f7ce,,93.8M,2026-07-14,2026-07-14
the-lost-prima-ballerina,reelshort,The Lost Prima Ballerina,https://www.reelshort.com/movie/the-lost-prima-ballerina-67132a8a34e42b31a40e6c8b,,78.4M,2026-07-15,2026-07-16
find-your-way-back-to-me-my-childhood-sweetheart,reelshort,"Find Your Way Back to Me, My Childhood Sweetheart",https://www.reelshort.com/movie/find-your-way-back-to-me-my-childhood-sweetheart-697b24f847c106823209fc33,,31.3M,2026-07-14,2026-07-14
stop-crying-i-married-someone-better,reelshort,"Stop Crying, I Married Someone Better",https://www.reelshort.com/movie/stop-crying-i-married-someone-better-6862fd11255c680c4706b9f1,,65.4M,2026-07-14,2026-07-14
campaigning-for-love,reelshort,Campaigning For Love,https://www.reelshort.com/movie/campaigning-for-love-6916da85686e13455b00b9c3,,10M,2026-07-14,2026-07-14
caution-cute-baby-alert,reelshort,Caution! Cute Baby Alert!,https://www.reelshort.com/movie/caution-cute-baby-alert-66979ed250958ebc930f49bd,,58.1M,2026-07-14,2026-07-14
the-virgin-camp-counselor,reelshort,The Virgin Camp Counselor,https://www.reelshort.com/movie/the-virgin-camp-counselor-67b821fdd25ca3629404c514,,34.6M,2026-07-14,2026-07-14
my-secret-husband-is-my-boss,reelshort,My Secret Husband is My Boss,https://www.reelshort.com/movie/my-secret-husband-is-my-boss-66a42016fad32867890cf233,,78.1M,2026-07-14,2026-07-14
why-my-contract-ex-husband-keeps-chasing-me,reelshort,Why My Contract Ex-husband Keeps Chasing Me,,,,,2026-07-14
step-aside-i-m-the-king-of-capital,reelshort,"Step Aside, I'm the King of Capital",,,,,2026-07-14
summer-situationship,reelshort,Summer Situationship,https://www.reelshort.com/movie/summer-situationship-6717819be0fbf65fe20f0e4c,,69.5M,2026-07-14,2026-07-14
kissed-by-claw-and-fang,reelshort,Kissed by Claw and Fang,https://www.reelshort.com/movie/kissed-by-claw-and-fang-697b247d72205da95501bcf1,,78.1M,2026-07-14,2026-07-14
the-virgin-s-bucket-list,reelshort,The Virgin's Bucket List,https://www.reelshort.com/movie/the-virgin-s-bucket-list-675110c567a002f3b1017570,,84.2M,2026-07-14,2026-07-14
oops-i-m-in-love-with-my-stepbrother,reelshort,Oops! I'm in Love with My Stepbrother,https://www.reelshort.com/movie/oops-i-m-in-love-with-my-stepbrother-67693591880cdb5cef0d563a,,39.3M,2026-07-14,2026-07-14
fated-to-my-billionaire-call-boy,reelshort,Fated To My Billionaire Call Boy,https://www.reelshort.com/movie/fated-to-my-billionaire-call-boy-6916d8d9dd25ee45d80e29f7,,9.5M,2026-07-14,2026-07-14
the-bad-boy-who-ruined-me,reelshort,The Bad Boy Who Ruined Me,,,,,2026-07-14
foulplay-for-my-brother-s-best-friend,shortical,FoulPlay For My Brother's Best Friend,,,,,2026-07-14
accidentally-slept-with-the-young-mafia-boss,reelshort,Accidentally Slept With the Young Mafia Boss,,,,,2026-07-14
dear-stranger-i-love-you,shorts,Dear Stranger I Love You,,,,,2026-07-14
wild-ride-with-the-dangerous-kian,reelshort,Wild Ride with the Dangerous Kian,,,,,2026-07-14
the-senator-s-son,reelshort,The Senator's Son,https://www.reelshort.com/movie/the-senator-s-son-67c01b28b0d6fa52350dea61,,96.1M,2026-07-14,2026-07-14
mated-to-the-alpha,reelshort,Mated to the Alpha,,,,,2026-07-14
married-the-mafioso-i-saved,reelshort,Married The Mafioso I Saved,https://www.reelshort.com/movie/married-the-mafioso-i-saved-69c0a298c87f09a7e10d8ffe,,154.1M,2026-07-14,2026-07-14
tutoring-my-rival-boy,reelshort,Tutoring My Rival Boy,,,,,2026-07-14
you-fired-a-genius-surgeon,reelshort,You Fired A Genius Surgeon,https://www.reelshort.com/movie/you-fired-a-genius-surgeon-687f2ab2dafc1bd65e0e34ca,,31M,2026-07-14,2026-07-16
mr-hills-adorable-wife,reelshort,Mr Hills' Adorable Wife,https://www.reelshort.com/movie/mr-hills-adorable-wife-66da3ef192c3e36f2f003bb4,,131.8M,2026-07-14,2026-07-16
dominated-by-my-dad-s-boss,reelshort,Dominated by My Dad's Boss,https://www.reelshort.com/movie/dominated-by-my-dad-s-boss-6858fb5deb198a16ec0e6f83,,90.4M,2026-07-14,2026-07-15
queen-of-the-court,reelshort,Queen of the Court,https://www.reelshort.com/movie/queen-of-the-court-68c8fb9e6073aca9ca08fa5e,,53.9M,2026-07-14,2026-07-16
swapped-my-ex-for-his-billionaire-uncle,reelshort,Swapped My Ex for His Billionaire Uncle,https://www.reelshort.com/movie/swapped-my-ex-for-his-billionaire-uncle-6945b6f11429aa92890398aa,,93.1M,2026-07-14,2026-07-16
meet-my-brothers,reelshort,Meet My Brothers,https://www.reelshort.com/movie/meet-my-brothers-69b88396a5b6d3639400d47f,,23.3M,2026-07-14,2026-07-16
rented-a-billionaire-husband-for-christmas,reelshort,Rented a Billionaire Husband for Christmas,https://www.reelshort.com/movie/rented-a-billionaire-husband-for-christmas-6930f3b01cc54679ca078825,,58.9M,2026-07-14,2026-07-16
the-billionaire-and-the-baby-trap,reelshort,The Billionaire and the Baby Trap,https://www.reelshort.com/movie/the-billionaire-and-the-baby-trap-6994c7def370c522ef066652,,21.6M,2026-07-14,2026-07-16
american-sniper-the-last-round,reelshort,American Sniper: The Last Round,https://www.reelshort.com/movie/american-sniper-the-last-round-6923bbd68bc07cff53085ab4,,202.7M,2026-07-14,2026-07-16
the-cooking-queen-a-recipe-for-divorce,reelshort,The Cooking Queen: A Recipe for Divorce,https://www.reelshort.com/movie/the-cooking-queen-a-recipe-for-divorce-69aefec9d6db6f96240ff7b4,,56.5M,2026-07-16,2026-07-16
the-break-up-bet-with-my-billionaire-ex,reelshort,The Break-up Bet With My Billionaire Ex,https://www.reelshort.com/movie/the-break-up-bet-with-my-billionaire-ex-68191e5408a393374109d3ca,,21.4M,2026-07-14,2026-07-14
mistaken-as-his-mate-the-luna-s-regret,reelshort,Mistaken as His Mate: The Luna's Regret,https://www.reelshort.com/movie/mistaken-as-his-mate-the-luna-s-regret-68b929384c72c7c64907f813,,67.2M,2026-07-14,2026-07-14
fuel-to-our-fire-my-racer-stepbrother,reelshort,Fuel to Our Fire: My Racer Stepbrother,https://www.reelshort.com/movie/fuel-to-our-fire-my-racer-stepbrother-67f7913141ebfd891f0fc824,,48.6M,2026-07-14,2026-07-14
taming-the-lion-billionaire-on-bikes,reelshort,Taming the Lion: Billionaire on Bikes,https://www.reelshort.com/movie/taming-the-lion-billionaire-on-bikes-65da3ce0317029c81b040cb3,,62.2M,2026-07-14,2026-07-14
i-m-pregnant-let-s-break-up,reelshort,"I'm Pregnant, Let's Break Up!",https://www.reelshort.com/movie/i-m-pregnant-let-s-break-up-6791cc1fd96e3123cb0ca88d,,45.5M,2026-07-14,2026-07-14
heiress-crash-lands-on-her-husband,reelshort,Heiress Crash Lands on Her Husband,https://www.reelshort.com/movie/heiress-crash-lands-on-her-husband-677db68bc980db58d5072f41,,153M,2026-07-14,2026-07-14
mafia-boss-takes-high-school,reelshort,Mafia Boss Takes High School,https://www.reelshort.com/movie/mafia-boss-takes-high-school-6825b45960033dc2750e6ae1,,36.6M,2026-07-14,2026-07-14
backstage-romance-with-the-popstar,reelshort,Backstage Romance with the Popstar,https://www.reelshort.com/movie/backstage-romance-with-the-popstar-69770f5f0575988220032621,,23.8M,2026-07-14,2026-07-14
i-flash-married-my-best-friend,reelshort,I Flash-Married My Best Friend?!,https://www.reelshort.com/movie/i-flash-married-my-best-friend-68b92943a20880cce40ac468,,43.9M,2026-07-14,2026-07-14
you-ve-got-male,reelshort,You've Got Male,https://www.reelshort.com/movie/you-ve-got-male-668480b052032ccba70655fb,,47.5M,2026-07-14,2026-07-14
the-call-boy-i-met-in-paris,reelshort,The Call Boy I Met in Paris,https://www.reelshort.com/movie/the-call-boy-i-met-in-paris-6651191b7812e57a1e0ddb5c,,168.8M,2026-07-14,2026-07-14
genius-baby-gets-daddy-back,reelshort,Genius Baby Gets Daddy Back,https://www.reelshort.com/movie/genius-baby-gets-daddy-back-675b906f095133d4f90de304,,59M,2026-07-14,2026-07-14
my-husband-regrets-divorcing-me,reelshort,My Husband Regrets Divorcing Me,https://www.reelshort.com/movie/my-husband-regrets-divorcing-me-6807568174479ad7f60dc6f3,,58.7M,2026-07-14,2026-07-14
love-me-two-times,reelshort,Love Me Two Times,https://www.reelshort.com/movie/love-me-two-times-67773dcf3d3252065f0e5651,,18.5M,2026-07-14,2026-07-14
snatched-a-billionaire-to-be-my-husband,reelshort,Snatched a Billionaire to be My Husband,https://www.reelshort.com/movie/snatched-a-billionaire-to-be-my-husband-658ede55d7ffb9c594044a25,,198.1M,2026-07-14,2026-07-14
we-are-never-ever-getting-back-together,reelshort,We Are Never Ever Getting Back Together,https://www.reelshort.com/movie/we-are-never-ever-getting-back-together-6622f270df7549dd7a0c8551,,115.4M,2026-07-14,2026-07-14
the-return-of-my-drama-queen,reelshort,The Return of My Drama Queen,https://www.reelshort.com/movie/the-return-of-my-drama-queen-668c35d331237d44a301fc2f,,8.6M,2026-07-14,2026-07-14
the-ceo-s-contract-wife,reelshort,The CEO's Contract Wife,https://www.reelshort.com/movie/the-ceo-s-contract-wife-636961a2c13cfc775854b1e5,,116.2M,2026-07-14,2026-07-14
money-guns-and-a-merry-christmas,reelshort,"Money, Guns, and a Merry Christmas",https://www.reelshort.com/movie/money-guns-and-a-merry-christmas-6763331070d4a48fb00bc994,,274.2M,2026-07-14,2026-07-14
the-heiress-and-her-possessive-bodyguard,reelshort,The Heiress and Her Possessive Bodyguard,https://www.reelshort.com/movie/the-heiress-and-her-possessive-bodyguard-67aaaffa39850916ba0e14d0,,38.9M,2026-07-14,2026-07-14
big-bad-husband-please-wake-up,reelshort,"Big Bad Husband, Please Wake Up!",https://www.reelshort.com/movie/big-bad-husband-please-wake-up-6397dea32825a83a57175495,,115.2M,2026-07-14,2026-07-14
big-bad-husband-please-wake-up-2,reelshort,"Big Bad Husband, Please Wake Up! 2",https://www.reelshort.com/movie/big-bad-husband-please-wake-up-2-647aa5b086deef74cd0ebe66,,25M,2026-07-14,2026-07-14
fatal-attraction-a-dark-mafia-romance,reelshort,Fatal Attraction: A Dark Mafia Romance,https://www.reelshort.com/movie/fatal-attraction-a-dark-mafia-romance-676dda478fc3bbcd4c0d1375,,49.3M,2026-07-14,2026-07-14
hello-let-s-get-married,reelshort,"Hello, Let's Get Married",https://www.reelshort.com/movie/hello-let-s-get-married-676f15658115af7a38038820,,51.9M,2026-07-14,2026-07-14
uncle-william-please-say-i-do,reelshort,"Uncle William, Please Say I Do!",https://www.reelshort.com/movie/uncle-william-please-say-i-do-679423dff9a4ac9055018cfe,,72.8M,2026-07-14,2026-07-14
escorting-the-ruthless-billionaire-doctor,reelshort,Escorting the Ruthless Billionaire Doctor,https://www.reelshort.com/movie/escorting-the-ruthless-billionaire-doctor-687f2ae7a58a11d8910aca34,,111.3M,2026-07-14,2026-07-14
surrender-to-my-professor,reelshort,Surrender to My Professor,https://www.reelshort.com/movie/surrender-to-my-professor-677a0db90fc9407e14077c4c,,168.2M,2026-07-14,2026-07-14
her-double-his-trouble,reelshort,"Her Double, His Trouble",https://www.reelshort.com/movie/her-double-his-trouble-689e222a75034b7ff90fd71b,,34.4M,2026-07-14,2026-07-14
dark-notes,reelshort,Dark Notes,https://www.reelshort.com/movie/dark-notes-6a0cb99ac2308bcd5308bc59,,8.7M,2026-07-14,2026-07-14
daddy-december,reelshort,Daddy December,https://www.reelshort.com/movie/daddy-december-673c6358eb602c35440e014a,,23.6M,2026-07-14,2026-07-14
pucked-and-pregnant,reelshort,Pucked and Pregnant,https://www.reelshort.com/movie/pucked-and-pregnant-677f61d34c0424fd9a082408,,13.9M,2026-07-14,2026-07-14
move-aside-i-m-the-final-boss,reelshort,Move Aside! I'm the Final Boss,https://www.reelshort.com/movie/move-aside-i-m-the-final-boss-67c24a90717e250f170c4ebc,,314M,2026-07-14,2026-07-14
you-fired-a-tech-genius,reelshort,You Fired A Tech Genius,https://www.reelshort.com/movie/you-fired-a-tech-genius-677db51b4b143c5a8007f0f1,,100M,2026-07-14,2026-07-14
cooking-my-way-back-to-love,reelshort,Cooking My Way Back to Love,https://www.reelshort.com/movie/cooking-my-way-back-to-love-6858fbb2ba1325d77905c8c6,,81.3M,2026-07-14,2026-07-14
the-deaf-heiress-s-secret,reelshort,The Deaf Heiress's Secret,https://www.reelshort.com/movie/the-deaf-heiress-s-secret-68075726bfe31ae241029d10,,55.2M,2026-07-14,2026-07-14
understated-guardian-king,reelshort,Understated Guardian King,https://www.reelshort.com/movie/understated-guardian-king-69362dca0f1ca1629406d3d7,,21M,2026-07-14,2026-07-14
i-m-the-one-in-charge,reelshort,I'm The One In Charge,https://www.reelshort.com/movie/i-m-the-one-in-charge-69a5454af5f994c29609a831,,842.3k,2026-07-14,2026-07-14
my-billionaire-ever-after,reelshort,My Billionaire Ever After,https://www.reelshort.com/movie/my-billionaire-ever-after-678b0e4df513a20e830d9372,,43.4M,2026-07-14,2026-07-14
wrong-marriage-fated-groom,reelshort,"Wrong Marriage, Fated Groom",https://www.reelshort.com/movie/wrong-marriage-fated-groom-678df4308987856546031790,,45.7M,2026-07-14,2026-07-14
the-lady-boss-s-small-town-valentine,reelshort,The Lady Boss's Small Town Valentine,https://www.reelshort.com/movie/the-lady-boss-s-small-town-valentine-678dfe853bd9b5be490a13a0,,27.7M,2026-07-14,2026-07-14
pregnant-by-my-tough-daddy-ceo,reelshort,Pregnant by My Tough Daddy CEO,https://www.reelshort.com/movie/pregnant-by-my-tough-daddy-ceo-6794217458c8dfcacc00b8be,,68.3M,2026-07-14,2026-07-14
falling-for-my-ex-s-mafia-dad,reelshort,Falling for My Ex's Mafia Dad,https://www.reelshort.com/movie/falling-for-my-ex-s-mafia-dad-67b55429a9d0ac04b202017f,,175.9M,2026-07-14,2026-07-14
homeless-billionaire-baby-daddy,reelshort,Homeless Billionaire Baby Daddy,https://www.reelshort.com/movie/homeless-billionaire-baby-daddy-68debdd66704ca4a470c01cc,,41.6M,2026-07-14,2026-07-14
claimed-by-the-alpha-i-hate,reelshort,Claimed by the Alpha I Hate,https://www.reelshort.com/movie/claimed-by-the-alpha-i-hate-67aab6d180531fad7304cf74,,125.8M,2026-07-14,2026-07-14
maid-for-my-nemesis,reelshort,Maid for My Nemesis,https://www.reelshort.com/movie/maid-for-my-nemesis-6746ab2669a3a61f880f858d,,155M,2026-07-14,2026-07-14
if-loving-you-is-a-sin-then-i-ll-go-to-hell,reelshort,"If Loving You is a Sin, then I'll Go to Hell",https://www.reelshort.com/movie/if-loving-you-is-a-sin-then-i-ll-go-to-hell-67e3169220c234316e0a4efe,,130.4M,2026-07-14,2026-07-14
the-words,reelshort,The Words,https://www.reelshort.com/movie/the-words-694aea21e7b4a4d2ab0d7d5f,,62M,2026-07-14,2026-07-14
30-days-till-i-marry-my-husband-s-nemesis,reelshort,30 Days Till I Marry My Husband's Nemesis,https://www.reelshort.com/movie/30-days-till-i-marry-my-husband-s-nemesis-657c539736f92d4eae02f093,,70.5M,2026-07-14,2026-07-14
the-ex-wife-s-comeback-strategy,reelshort,The Ex-Wife's Comeback Strategy,https://www.reelshort.com/movie/the-ex-wife-s-comeback-strategy-67b552ef9fda67232d0477c1,,24.8M,2026-07-14,2026-07-14
married-a-gardener-got-a-prince,reelshort,"Married a Gardener, Got a Prince",https://www.reelshort.com/movie/married-a-gardener-got-a-prince-6916da89686e13455b00b9c9,,11.1M,2026-07-14,2026-07-14
runaway-billionaire-becomes-my-groom,reelshort,Runaway Billionaire Becomes My Groom,https://www.reelshort.com/movie/runaway-billionaire-becomes-my-groom-6835831790ff91ab240435a1,,42.2M,2026-07-14,2026-07-14
love-me-after-my-death,reelshort,Love Me After My Death,https://www.reelshort.com/movie/love-me-after-my-death-67b7a7c15cdc9f437b0fbf91,,17.7M,2026-07-14,2026-07-14
the-billionaire-firefighter-and-his-sweet-wife,reelshort,The Billionaire Firefighter and His Sweet Wife,https://www.reelshort.com/movie/the-billionaire-firefighter-and-his-sweet-wife-67bcf64bbc2c7303280b1e8a,,37.7M,2026-07-14,2026-07-14
falling-for-my-dad-s-best-friend,reelshort,Falling for My Dad's Best Friend,https://www.reelshort.com/movie/falling-for-my-dad-s-best-friend-67c2465a23f6c37d0f03ea28,,21.5M,2026-07-14,2026-07-14
my-loser-daddy-is-a-big-shot,reelshort,My Loser Daddy is a Big Shot,https://www.reelshort.com/movie/my-loser-daddy-is-a-big-shot-67c62da9fd52ffc9020984a5,,22.6M,2026-07-14,2026-07-14
audrey-in-full-bloom,reelshort,Audrey in Full Bloom,https://www.reelshort.com/movie/audrey-in-full-bloom-67d8a6ea787657f63a0faf83,,32.9M,2026-07-14,2026-07-14
help-my-hot-boss-has-my-nudes,reelshort,Help! My Hot Boss Has My Nudes!,https://www.reelshort.com/movie/help-my-hot-boss-has-my-nudes-6952227b0e44c1fbe20f2d4c,,13.7M,2026-07-14,2026-07-14
saved-by-the-sexy-cowboy,reelshort,Saved by the Sexy Cowboy,https://www.reelshort.com/movie/saved-by-the-sexy-cowboy-67c01a6d8084d51c2804613e,,48.4M,2026-07-14,2026-07-14
pregnant-by-my-ex-s-dad,reelshort,Pregnant by My Ex's Dad,https://www.reelshort.com/movie/pregnant-by-my-ex-s-dad-665456413308d39c590da610,,64.8M,2026-07-14,2026-07-14
sleeping-with-the-president,reelshort,Sleeping with the President,https://www.reelshort.com/movie/sleeping-with-the-president-6719fc9868994e654d0a492c,,16.3M,2026-07-14,2026-07-14
alpha-s-regret,reelshort,Alpha's Regret,https://www.reelshort.com/movie/alpha-s-regret-67bd86774ec96427fd0c7ac5,,13.9M,2026-07-14,2026-07-14
captured-and-bound-by-my-ceo,reelshort,Captured and Bound By My CEO,https://www.reelshort.com/movie/captured-and-bound-by-my-ceo-66f1c75a5e8ddc70fc018797,,50.6M,2026-07-14,2026-07-14
tricked-into-having-my-ex-husband-s-baby,reelshort,Tricked into Having my Ex-Husband's Baby,https://www.reelshort.com/movie/tricked-into-having-my-ex-husband-s-baby-67908db909f0a68e3c0fb3e5,,15.5M,2026-07-14,2026-07-14
straight-a-pregnancy,reelshort,Straight A Pregnancy,https://www.reelshort.com/movie/straight-a-pregnancy-6756a3f1e1061984750adf70,,42.1M,2026-07-14,2026-07-14
good-with-her-hands,reelshort,Good with Her Hands,https://www.reelshort.com/movie/good-with-her-hands-67b554ea7dcbda95a808a7f3,,39M,2026-07-14,2026-07-14
baby-please-don-t-marry-him,reelshort,"Baby, Please Don't Marry Him",https://www.reelshort.com/movie/baby-please-don-t-marry-him-67f6cbba96412fe9460d57ac,,31.3M,2026-07-15,2026-07-15
billionaire-completes-my-bucket-list,reelshort,Billionaire Completes My Bucket List,https://www.reelshort.com/movie/billionaire-completes-my-bucket-list-691d9ce58ec4a2044c092150,,10.4M,2026-07-14,2026-07-14
the-one-i-never-forget,reelshort,The One I Never Forget,https://www.reelshort.com/movie/the-one-i-never-forget-6924200211e56d83a80583cc,,16.6M,2026-07-14,2026-07-14
secret-surrogate-to-the-mafia-king,reelshort,Secret Surrogate to the Mafia King,https://www.reelshort.com/movie/secret-surrogate-to-the-mafia-king-6825b38d4baea997900af478,,110.8M,2026-07-14,2026-07-14
stay-at-home-dad-levels-up,reelshort,Stay-at-Home Dad Levels Up,https://www.reelshort.com/movie/stay-at-home-dad-levels-up-68a80959bddb266830011182,,23.5M,2026-07-14,2026-07-14
countdown-to-life-rescue-at-30-000-feet,reelshort,Countdown to Life: Rescue at 30000 Feet,https://www.reelshort.com/movie/countdown-to-life-rescue-at-30-000-feet-68d5a3937492825f6c0a6f08,,36.9M,2026-07-14,2026-07-14
betraying-my-billionaire-husband,reelshort,Betraying My Billionaire Husband,https://www.reelshort.com/movie/betraying-my-billionaire-husband-67370a5c4d9a3a0f050ecaa3,,62.8M,2026-07-14,2026-07-14
true-heiress-vs-fake-queen-bee,reelshort,True Heiress vs. Fake Queen Bee,https://www.reelshort.com/movie/true-heiress-vs-fake-queen-bee-6746aa92c946defef504c9ff,,448.5M,2026-07-14,2026-07-14
true-luna,reelshort,True Luna,https://www.reelshort.com/movie/true-luna-654e1d538b7ca93fd101f48c,,92.8M,2026-07-14,2026-07-14
the-billionaire-s-baby-bargain,reelshort,The Billionaire's Baby Bargain,https://www.reelshort.com/movie/the-billionaire-s-baby-bargain-65e2926c872ac65ef703e4c2,,130.6M,2026-07-14,2026-07-14
omg-i-got-married-in-vegas,reelshort,"OMG, I Got Married in Vegas!",https://www.reelshort.com/movie/omg-i-got-married-in-vegas-66d76b7f92b035fea805be6a,,53M,2026-07-14,2026-07-14
resisting-mr-lloyd-an-age-gap-romance,reelshort,Resisting Mr. Lloyd: An Age Gap Romance,https://www.reelshort.com/movie/resisting-mr-lloyd-an-age-gap-romance-67195de648b72d8f950e0a66,,103.3M,2026-07-14,2026-07-14
mommy-don-t-cry-daddy-is-sorry,reelshort,"Mommy Don't Cry, Daddy is Sorry",https://www.reelshort.com/movie/mommy-don-t-cry-daddy-is-sorry-67ae6ad99eb79e96670c59df,,224.3M,2026-07-14,2026-07-14
my-firefighter-fiancee-returns-as-a-billionaire,reelshort,My Firefighter Fiance Returns as a Billionaire,https://www.reelshort.com/movie/my-firefighter-fianc%C3%A9-returns-as-a-billionaire-680756f542a99850b106f7ff,,22.7M,2026-07-14,2026-07-14
sadness-knows-no-boundaries,reelshort,Sadness Knows No Boundaries,https://www.reelshort.com/movie/sadness-knows-no-boundaries-6858f9575bd2413a260a1eb2,,40M,2026-07-14,2026-07-14
daisy-tucker-and-mr-nyc,reelshort,Daisy Tucker and Mr. NYC,https://www.reelshort.com/movie/daisy-tucker-and-mr-nyc-68955a832bc50c718b009d8d,,49.3M,2026-07-14,2026-07-14
america-s-favorite-ex-husband,reelshort,America's Favorite Ex-Husband,https://www.reelshort.com/movie/america-s-favorite-ex-husband-68b9294ff4e5830a65025e3b,,26.3M,2026-07-14,2026-07-14
someone-loved-is-never-lost,reelshort,Someone Loved is Never Lost,https://www.reelshort.com/movie/someone-loved-is-never-lost-68ec5fe750892c571f0509ae,,40.3M,2026-07-14,2026-07-14
daddy-i-m-your-lucky-star,reelshort,Daddy I'm Your Lucky Star!,https://www.reelshort.com/movie/daddy-i-m-your-lucky-star-69607a80f63b8b86be040acb,,55.8M,2026-07-14,2026-07-14
do-not-disturb-lady-boss-in-disguise,reelshort,Do Not Disturb: Lady Boss in Disguise!,https://www.reelshort.com/movie/do-not-disturb-lady-boss-in-disguise-661992b57ed0ed7b060fe66d,,129.5M,2026-07-14,2026-07-14
the-billionaire-s-accidental-bride,reelshort,The Billionaire's Accidental Bride,https://www.reelshort.com/movie/the-billionaire-s-accidental-bride-663ef6dd1854caf0b808865a,,92M,2026-07-14,2026-07-14
break-my-heart-again,reelshort,Break My Heart Again,https://www.reelshort.com/movie/break-my-heart-again-66c7bb55536dbafa2b007c10,,56.3M,2026-07-14,2026-07-14
my-dear-brother-is-obsessed-with-me,reelshort,My Dear Brother is Obsessed With Me,https://www.reelshort.com/movie/my-dear-brother-is-obsessed-with-me-66da3de48f52b8896302151b,,35M,2026-07-14,2026-07-14
runaway-single-mom-safe-in-his-arms,reelshort,"Runaway Single Mom, Safe in His Arms",https://www.reelshort.com/movie/runaway-single-mom-safe-in-his-arms-69d91acc42de055eb105ab81,,57.8M,2026-07-14,2026-07-14
breaking-the-ice,reelshort,Breaking the Ice,https://www.reelshort.com/movie/breaking-the-ice-66996eb1edbf48944f029af1,,358.5M,2026-07-15,2026-07-16
omg-i-m-surrounded-by-three-princes,reelshort,"OMG, I'm Surrounded by Three Princes",https://www.reelshort.com/movie/omg-i-m-surrounded-by-three-princes-6711d208d4469126fc0608cb,,40.2M,2026-07-15,2026-07-15
the-nurse-s-secret-marriage,reelshort,The Nurse's Secret Marriage,https://www.reelshort.com/movie/the-nurse-s-secret-marriage-673e689e02ccf968fa07bde5,,65.1M,2026-07-15,2026-07-15
found-a-homeless-billionaire-husband-for-christmas,reelshort,Found A Homeless Billionaire Husband for Christmas,https://www.reelshort.com/movie/found-a-homeless-billionaire-husband-for-christmas-6752885d3d9eb9334300b6ca,,462.7M,2026-07-16,2026-07-16
open-your-eyes-my-billionaire-husband,reelshort,"Open Your Eyes, My Billionaire Husband",https://www.reelshort.com/movie/open-your-eyes-my-billionaire-husband-678df762ecd01d2a7a0c77e3,,111M,2026-07-16,2026-07-16
wings-of-fire-the-dragon-slayer-is-my-ex-lover,reelshort,Wings of Fire: The Dragon Slayer Is My Ex-Lover,https://www.reelshort.com/movie/wings-of-fire-the-dragon-slayer-is-my-ex-lover-67ec442f9fa6f0fd480e06e3,,25.2M,2026-07-15,2026-07-16
the-quarterback-s-first-love,reelshort,The Quarterback's First Love,https://www.reelshort.com/movie/the-quarterback-s-first-love-680755f6e2beaa8d5309d902,,43.8M,2026-07-15,2026-07-15
how-to-kiss-a-vampire,reelshort,How to Kiss a Vampire,https://www.reelshort.com/movie/how-to-kiss-a-vampire-6825b360f80a554645009d35,,42.4M,2026-07-15,2026-07-16
two-alphas-are-in-love-with-me,reelshort,Two Alphas Are in Love with Me,https://www.reelshort.com/movie/two-alphas-are-in-love-with-me-6825b40ac6c46f2b17055695,,43.2M,2026-07-16,2026-07-16
ceo-s-twins-want-mommy-back,reelshort,CEO's Twins Want Mommy Back,https://www.reelshort.com/movie/ceo-s-twins-want-mommy-back-6858fa90d5ac8f5f560d3c25,,102.7M,2026-07-15,2026-07-15
baby-just-say-yes,reelshort,"Baby, Just Say Yes!",https://www.reelshort.com/movie/baby-just-say-yes-661059f6bdedd53ba70ee527,,166.1M,2026-07-14,2026-07-14
the-alpha-queen-returns,reelshort,The Alpha Queen Returns,https://www.reelshort.com/movie/the-alpha-queen-returns-67195eed48968355f0008bb8,,81.5M,2026-07-14,2026-07-14
the-virgin-and-the-billionaire,reelshort,The Virgin and The Billionaire,https://www.reelshort.com/movie/the-virgin-and-the-billionaire-66d768a0bc767102400f59ce,,194.5M,2026-07-14,2026-07-14
her-secret-crusader,reelshort,Her Secret Crusader,https://www.reelshort.com/movie/her-secret-crusader-66e88101c281fb5f2f06ff4a,,16.5M,2026-07-14,2026-07-14
the-quarterback-next-door,reelshort,The Quarterback Next Door,https://www.reelshort.com/movie/the-quarterback-next-door-6753b6ca3fc663ea500b579a,,107.5M,2026-07-16,2026-07-16
i-m-in-love-with-my-brother-s-best-friend,reelshort,I'm In Love With My Brother's Best Friend?!,https://www.reelshort.com/movie/i-m-in-love-with-my-brother-s-best-friend-680755cdaf8e465a6c0e8e91,,78.7M,2026-07-15,2026-07-15
breaking-the-deal-with-my-hockey-bad-boy,reelshort,Breaking the Deal with My Hockey Bad Boy,https://www.reelshort.com/movie/breaking-the-deal-with-my-hockey-bad-boy-6825b18899955153a60f7327,,51.7M,2026-07-16,2026-07-16
don-t-miss-me-when-i-m-gone,reelshort,Don't Miss Me When I'm Gone,https://www.reelshort.com/movie/don-t-miss-me-when-i-m-gone-6825b4807cc7bf22e3085e15,,196.8M,2026-07-15,2026-07-15
sleep-with-me-mortal,reelshort,"Sleep with Me, Mortal!",https://www.reelshort.com/movie/sleep-with-me-mortal-68c0cabeabd4f6e6ea08fe93,,30.1M,2026-07-15,2026-07-16
sweet-wild-bride-of-mine,reelshort,Sweet Wild Bride of Mine,https://www.reelshort.com/movie/sweet-wild-bride-of-mine-68fad4c3ae2a8190890bbdf1,,74.5M,2026-07-16,2026-07-16
my-sister-is-the-warlord-queen,reelshort,My Sister Is the Warlord Queen,https://www.reelshort.com/movie/my-sister-is-the-warlord-queen-694b2440aef92798df032b95,,413.5M,2026-07-16,2026-07-16
to-my-romeo-with-love,reelshort,"To My Romeo, with Love",https://www.reelshort.com/movie/to-my-romeo-with-love-690be20bffab2ea5a40fe66b,,30M,2026-07-16,2026-07-16
the-billionaire-s-masquerade,reelshort,The Billionaire's Masquerade,https://www.reelshort.com/movie/the-billionaire-s-masquerade-66a0210f5d109f94d1095bf0,,95.8M,2026-07-14,2026-07-14
i-swapped-bodies-with-my-nemesis,reelshort,I Swapped Bodies with My Nemesis,https://www.reelshort.com/movie/i-swapped-bodies-with-my-nemesis-66b3cfd9e7ea6a5f90077298,,20.1M,2026-07-14,2026-07-14
fix-you,reelshort,Fix You,https://www.reelshort.com/movie/fix-you-69701887c4f8492dc30528bf,,27.9M,2026-07-14,2026-07-14
bound-to-the-rebel-wolf,reelshort,Bound to the Rebel Wolf,https://www.reelshort.com/movie/bound-to-the-rebel-wolf-690d4f2bc93a882dd301aa1a,,62.9M,2026-07-14,2026-07-14
the-summer-my-heart-stopped,reelshort,The Summer My Heart Stopped,https://www.reelshort.com/movie/the-summer-my-heart-stopped-69b9e726e7069f23f9031a37,,12.9M,2026-07-14,2026-07-14
a-fated-encounter,reelshort,A Fated Encounter,https://www.reelshort.com/movie/a-fated-encounter-6705d1252ef5b887d50193c8,,48.9M,2026-07-14,2026-07-14
mommy-i-got-you-a-date,reelshort,"Mommy, I Got You A Date",https://www.reelshort.com/movie/mommy-i-got-you-a-date-674e2cd5f97c5cc4d4030f73,,30.2M,2026-07-14,2026-07-14
the-gourmet-ceo-turns-out-to-be-my-baby-s-dad,reelshort,The Gourmet CEO Turns out to Be My Baby's Dad,https://www.reelshort.com/movie/the-gourmet-ceo-turns-out-to-be-my-baby-s-dad-67887e2258dceeba8200f5b7,,33M,2026-07-14,2026-07-14
the-heiress-is-back-three-brothers-on-their-knees,reelshort,"The Heiress Is Back, Three Brothers on Their Knees",https://www.reelshort.com/movie/the-heiress-is-back-three-brothers-on-their-knees-69698269996bd9e2d300c73a,,25.2M,2026-07-14,2026-07-14
the-beggar-king-returns,reelshort,The Beggar King Returns,https://www.reelshort.com/movie/the-beggar-king-returns-68d5a14b7ce82927ad0108bd,,80.8M,2026-07-14,2026-07-14
she-s-not-homeless-she-s-healer-goddess,reelshort,"She's Not Homeless, She's Healer Goddess!",https://www.reelshort.com/movie/she-s-not-homeless-she-s-healer-goddess-69c0a350789b84f50b0c232c,,49.7M,2026-07-14,2026-07-14
ace-the-golf-king-s-reconquest,reelshort,Ace! The Golf King's Reconquest,https://www.reelshort.com/movie/ace-the-golf-king-s-reconquest-69d91aac64eba2f58b0ac51c,,16.2M,2026-07-15,2026-07-15
the-imperfect-marriage,reelshort,The Imperfect Marriage,https://www.reelshort.com/movie/the-imperfect-marriage-6a06477801cfe98f60076ded,,20.5M,2026-07-15,2026-07-15
chained-to-my-prison-guard,reelshort,Chained to My Prison Guard,https://www.reelshort.com/movie/chained-to-my-prison-guard-67a722f87606666f2606a276,,29.6M,2026-07-15,2026-07-16
the-hitwoman,reelshort,The Hitwoman,https://www.reelshort.com/movie/the-hitwoman-6972c116134e8c31690e1c3d,,20.9M,2026-07-15,2026-07-16
the-billionaire-married-a-homeless-girl,reelshort,The Billionaire Married a Homeless Girl,https://www.reelshort.com/movie/the-billionaire-married-a-homeless-girl-68afbd239ced05f58b0e83b5,,104.2M,2026-07-16,2026-07-16
i-had-a-baby-without-you,reelshort,I Had a Baby without You,https://www.reelshort.com/movie/i-had-a-baby-without-you-68b9292947761f335e0a7b74,,172.5M,2026-07-16,2026-07-16
daddy-forgot-but-mommy-remembers,reelshort,"Daddy Forgot, but Mommy Remembers",https://www.reelshort.com/movie/daddy-forgot-but-mommy-remembers-6927f387c28b39cdd0021af3,,38.4M,2026-07-16,2026-07-16
pucked-in-the-friend-zone,reelshort,Pucked in the Friend Zone,https://www.reelshort.com/movie/pucked-in-the-friend-zone-69b34991f0e1f3b6030b4974,,60.1M,2026-07-16,2026-07-16
cancel-the-wedding-queen-moves-on,reelshort,"Cancel the Wedding, Queen Moves On",https://www.reelshort.com/movie/cancel-the-wedding-queen-moves-on-699a3b6b850d2b8e8208155f,,64.6M,2026-07-16,2026-07-16
in-love-with-a-single-farmer-daddy,reelshort,In Love with a Single Farmer-Daddy,https://www.reelshort.com/movie/in-love-with-a-single-farmer-daddy-6937760c0dbba5e2ee0f4a43,,274M,2026-07-16,2026-07-16
trapped-in-the-boss-s-embrace,reelshort,Trapped in the Boss's Embrace,https://www.reelshort.com/movie/trapped-in-the-boss-s-embrace-68c8fb3a7d022d88b000f0eb,,102.4M,2026-07-15,2026-07-15
wake-up-my-billionaire-husband,reelshort,"Wake Up, My Billionaire Husband",https://www.reelshort.com/movie/wake-up-my-billionaire-husband-6a02bf5a631c8645a00bc6c9,,1.7M,2026-07-15,2026-07-16
dominated-by-my-dads-boss,reelshort,Dominated by My Dad's Boss,https://www.reelshort.com/movie/dominated-by-my-dad-s-boss-6858fb5deb198a16ec0e6f83,,90.4M,2026-07-16,2026-07-16
how-to-tame-a-silver-fox,reelshort,How to Tame a Silver Fox,https://www.reelshort.com/movie/how-to-tame-a-silver-fox-67e1dd63c794efd25f08931a,,416.5M,2026-07-16,2026-07-16
recipe-for-faking-a-marriage,reelshort,Recipe For Faking A Marriage,https://www.reelshort.com/movie/recipe-for-faking-a-marriage-66f5f06f6cde23c2ea0054b1,,73.6M,2026-07-16,2026-07-16
baby-trapped-by-the-billionaire,reelshort,Baby Trapped by the Billionaire,https://www.reelshort.com/movie/baby-trapped-by-the-billionaire-6771c32e13a2b724ec0341ca,,76.2M,2026-07-16,2026-07-16
his-one-and-only-love,reelshort,His One and Only Love,https://www.reelshort.com/movie/his-one-and-only-love-66f5f5c7f0ebf2edf50638f7,,72.4M,2026-07-16,2026-07-16
accidental-triplets-with-the-billionaire,reelshort,Accidental Triplets with the Billionaire,https://www.reelshort.com/movie/accidental-triplets-with-the-billionaire-680756c56f852549da0789fa,,106.7M,2026-07-16,2026-07-16
fake-married-to-my-billionaire-ceo,reelshort,Fake Married to My Billionaire CEO,https://www.reelshort.com/movie/fake-married-to-my-billionaire-ceo-676101d414d3779d1608fc2a,,87.7M,2026-07-16,2026-07-16
the-quarterbacks-first-love,reelshort,The Quarterback's First Love,https://www.reelshort.com/movie/the-quarterback-s-first-love-680755f6e2beaa8d5309d902,,43.9M,2026-07-16,2026-07-16
omg-im-surrounded-by-three-princes,reelshort,OMG I'm Surrounded by Three Princes,https://www.reelshort.com/movie/omg-i-m-surrounded-by-three-princes-6711d208d4469126fc0608cb,,40.2M,2026-07-16,2026-07-16
the-nurses-secret-marriage,reelshort,The Nurse's Secret Marriage,https://www.reelshort.com/movie/the-nurse-s-secret-marriage-673e689e02ccf968fa07bde5,,65.1M,2026-07-16,2026-07-16
trapped-in-the-bosss-embrace,reelshort,Trapped in the Boss's Embrace,https://www.reelshort.com/movie/trapped-in-the-boss-s-embrace-68c8fb3a7d022d88b000f0eb,,102.6M,2026-07-16,2026-07-16
ceos-twins-want-mommy-back,reelshort,CEO's Twins Want Mommy Back,https://www.reelshort.com/movie/ceo-s-twins-want-mommy-back-6858fa90d5ac8f5f560d3c25,,102.8M,2026-07-16,2026-07-16
mic-drop-diva,reelshort,Mic Drop Diva,https://www.reelshort.com/movie/mic-drop-diva-69c0a20b1dd01a41ad0fdca1,,95.7M,2026-07-16,2026-07-16
im-in-love-with-my-brothers-best-friend,reelshort,I'm In Love With My Brother's Best Friend?!,https://www.reelshort.com/movie/i-m-in-love-with-my-brother-s-best-friend-680755cdaf8e465a6c0e8e91,,78.8M,2026-07-16,2026-07-16
baby-please-dont-marry-him,reelshort,Baby Please Don't Marry Him,https://www.reelshort.com/movie/baby-please-don-t-marry-him-67f6cbba96412fe9460d57ac,,31.3M,2026-07-16,2026-07-16
dont-miss-me-when-im-gone,reelshort,Don't Miss Me When I'm Gone,https://www.reelshort.com/movie/don-t-miss-me-when-i-m-gone-6825b4807cc7bf22e3085e15,,196.9M,2026-07-16,2026-07-16
my-double-proxy-marriage-to-a-billionaire,reelshort,My Double Proxy Marriage to a Billionaire,https://www.reelshort.com/movie/my-double-proxy-marriage-to-a-billionaire-69c0a327d4ec88728c059554,,54.1M,2026-07-16,2026-07-16
