title_id,slug,primary_title,alt_titles,year,episode_count,status,genres,tropes,synopsis_short,spice_level,poster_ref,source_urls,last_verified,data_confidence,source
back-from-hell-to-take-my-bow,back-from-hell-to-take-my-bow,Back from Hell to Take My Bow,,2025,,complete,drama,revenge,Jake Hobbs lead.,,,,2026-07-04,verified,recovered_2026-07-04_build
billionaire-ceo-s-obsession,billionaire-ceo-s-obsession,Billionaire CEO's Obsession,,2023,,complete,romance,billionaire;CEO,Nick Ritacco's first vertical.,,,,2026-07-04,verified,recovered_2026-07-04_build
campus-rivals,campus-rivals,Campus Rivals,,,,complete,romance,college romance;enemies to lovers,Eric Taylor Guilmette lead and producer.,,,,2026-07-04,verified,recovered_2026-07-04_build
daddy-s-best-friend-made-me-his-billionaire-wife,daddy-s-best-friend-made-me-his-billionaire-wife,Daddy's Best Friend Made Me His Billionaire Wife,,,,complete,romance,age gap;billionaire;forbidden romance,Alex Pychtin lead.,,,,2026-07-04,verified,recovered_2026-07-04_build
fated-deal-with-the-mafia-king,fated-deal-with-the-mafia-king,Fated Deal with the Mafia King,,2024,,complete,romance,mafia;contract marriage;forbidden romance,Jake Hobbs lead.,,,,2026-07-04,verified,recovered_2026-07-04_build
fated-to-my-fiance-s-alpha-daddy,fated-to-my-fiance-s-alpha-daddy,Fated to My Fiance's Alpha Daddy,,,,complete,fantasy romance,werewolf;age gap;forbidden romance,Nick Ritacco credit.,,,,2026-07-04,verified,recovered_2026-07-04_build
fated-to-my-forbidden-alpha,fated-to-my-forbidden-alpha,Fated to My Forbidden Alpha,,2023,,complete,fantasy romance,werewolf;forbidden romance;fated mates,Kasey Esser's breakout title and one of the best known werewolf verticals.,,,,2026-07-04,verified,recovered_2026-07-04_build
fated-to-my-forbidden-vampire,fated-to-my-forbidden-vampire,Fated to My Forbidden Vampire,,,,complete,fantasy romance,vampire;forbidden romance;fated mates,Nick Ritacco lead.,,,,2026-07-04,verified,recovered_2026-07-04_build
freeze-my-wanted-lover,freeze-my-wanted-lover,Freeze! My Wanted Lover,,2024,,complete,romance; crime,mafia;forbidden romance;hidden identity,"An undercover cop falls for the mob boss she is sent to take down, the main suspect in her father's murder.",,,,2026-07-04,verified,recovered_2026-07-04_build
goodbye-my-ceo,goodbye-my-ceo,"Goodbye, My CEO",,2023,,complete,romance,CEO;dark romance,Sophie McKenzie runs into the arms of James Knight while fleeing a gang; his protection comes with a price she cannot escape.,,,,2026-07-04,verified,recovered_2026-07-04_build
hillbilly-girlie-marries-a-billionaire,hillbilly-girlie-marries-a-billionaire,Hillbilly Girlie Marries a Billionaire,,2025,,complete,romance,contract marriage;billionaire;rags to riches,"Small-town Emily, humiliated by her sugar-baby ex, becomes the contract wife of CEO Lucas through a misunderstanding.",,,,2026-07-04,verified,recovered_2026-07-04_build
i-accidentally-hired-a-billionaire-husband,i-accidentally-hired-a-billionaire-husband,I Accidentally Hired a Billionaire Husband,,2024,,complete,romance,mistaken identity;billionaire;contract marriage,"Emma's arranged online meeting goes to the wrong man in a green jacket: Oliver, a runaway billionaire groom.",,,,2026-07-04,verified,recovered_2026-07-04_build
love-blood,love-blood,Love & Blood,,2025,,complete,fantasy romance,vampire;forbidden romance,Vampire series produced/created by Eric Taylor Guilmette; also features Mark Pontarelli.,,,,2026-07-04,verified,recovered_2026-07-04_build
love-in-the-shadows,love-in-the-shadows,Love in the Shadows,,2025,,complete,romance,,Produced by and starring Kasey Esser.,,,,2026-07-04,verified,recovered_2026-07-04_build
love-under-fire,love-under-fire,Love Under Fire,,2025,,complete,romance; action,,Independent vertical production by Kasey Esser.,,,,2026-07-04,verified,recovered_2026-07-04_build
makeup-sex,makeup-sex,Makeup Sex,,,,complete,romance,second chance,Anina Net #1 ranking title.,,,,2026-07-04,verified,recovered_2026-07-04_build
my-alpha-my-forbidden-fate,my-alpha-my-forbidden-fate,"My Alpha, My Forbidden Fate",,2026,,ongoing,fantasy romance,werewolf;rejected mate;fated mates;forbidden romance,"Rejected by her partner, Selena is hopeless, but the Moon Goddess has other plans.",,,,2026-07-04,verified,recovered_2026-07-04_build
my-two-faced-billionaire-husband,my-two-faced-billionaire-husband,My Two-Faced Billionaire Husband,,,,complete,romance,billionaire;hidden identity,Anina Net #1 ranking title.,,,,2026-07-04,verified,recovered_2026-07-04_build
pregnant-by-the-billionaire,pregnant-by-the-billionaire,Pregnant by the Billionaire,,,,complete,romance,billionaire;secret baby,Alex Pychtin lead.,,,,2026-07-04,verified,recovered_2026-07-04_build
pregnant-with-my-infertile-alpha-king,pregnant-with-my-infertile-alpha-king,Pregnant with My Infertile Alpha King,,,,complete,fantasy romance,werewolf;secret baby,Anina Net #1 ranking title.,,,,2026-07-04,verified,recovered_2026-07-04_build
summer-skies,summer-skies,Summer Skies,,,,complete,romance,,Grace Swanson credit.,,,,2026-07-04,verified,recovered_2026-07-04_build
surrender-to-my-dangerous-boss,surrender-to-my-dangerous-boss,Surrender to My Dangerous Boss,,,,complete,romance,CEO;dark romance,Nick Ritacco lead.,,,,2026-07-04,verified,recovered_2026-07-04_build
the-alpha-s-daughter,the-alpha-s-daughter,The Alpha's Daughter,,2023,,complete,fantasy romance,werewolf;revenge,"Daphne Sinclair's Alpha father is murdered on her 18th birthday; betrayed by Alpha Atlas, she forges alliances and hunts justice.",,,,2026-07-04,verified,recovered_2026-07-04_build
the-double-life-of-my-billionaire-husband,the-double-life-of-my-billionaire-husband,The Double Life of My Billionaire Husband,,2023,,complete,romance,secret billionaire;hidden identity,"ReelShort's breakout megahit, 500M+ views on platform.",,,,2026-07-04,verified,recovered_2026-07-04_build
the-heiress-blacklisted-her-husband,the-heiress-blacklisted-her-husband,The Heiress Blacklisted Her Husband,,,,complete,romance,revenge;hidden identity,Alex Pychtin lead.,,,,2026-07-04,verified,recovered_2026-07-04_build
the-return-of-my-drama-queen,the-return-of-my-drama-queen,The Return of My Drama Queen,,2024,,complete,romance,second chance,Jake Hobbs lead.,,,,2026-07-04,verified,recovered_2026-07-04_build
the-secret-of-my-billion-dollar-marriage,the-secret-of-my-billion-dollar-marriage,The Secret of My Billion-dollar Marriage,,2024,,complete,romance,fake relationship;hidden identity;billionaire,Heiress Emma and billionaire Lucas fake a marriage while each hides their identity from the other.,,,,2026-07-04,verified,recovered_2026-07-04_build
the-unwanted-mate,the-unwanted-mate,The Unwanted Mate,,,,complete,fantasy romance,werewolf;rejected mate,Eric Taylor Guilmette lead.,,,,2026-07-04,verified,recovered_2026-07-04_build
true-luna,true-luna,True Luna,,,,complete,fantasy romance,werewolf;fated mates,Grace Swanson credit.,,,,2026-07-04,verified,recovered_2026-07-04_build
undercover-heiress,undercover-heiress,Undercover Heiress,,2025,,complete,drama,hidden identity;revenge;heiress,Heiress Selina goes undercover as an intern; opportunist Grace steals her identity and bullies the wrong girl.,,,,2026-07-04,verified,recovered_2026-07-04_build
you-belong-with-me,you-belong-with-me,You Belong With Me,,,,complete,romance,,Eric Taylor Guilmette lead.,,,,2026-07-04,verified,recovered_2026-07-04_build
your-husband-is-mine,your-husband-is-mine,Your Husband Is Mine,,2025,,complete,drama,revenge;dark romance,"Driven to despair after losing her husband and baby, Vivienne lives for revenge: steal her rival's husband and make her watch.",,,,2026-07-04,verified,recovered_2026-07-04_build
fated-to-the-alpha,fated-to-the-alpha,Fated to the Alpha,,2024,,complete,fantasy romance,werewolf;fated mates,"Katya, a rare Luna healer without her wolf, flees her pack's threats to Black Creek, where she meets Alpha Ezra, her fated wolf and protector.",,,,2026-07-14,verified,zip_ingest_2026-07-14
queen-mom-rules,queen-mom-rules,Queen Mom Rules,,2025,,complete,drama,hidden identity;revenge;family drama,"At her parents' anniversary party, a successful CEO is dismissed as a low-class nobody, her diamond gift called fake, and she is banned from the table.",,,,2026-07-14,verified,zip_ingest_2026-07-14
escorting-the-heiress,escorting-the-heiress,Escorting the Heiress,,2024,,complete,romance,mistaken identity;second chance,"Serena catches her boyfriend cheating with her half-sister, gets drunk, and lands in the bed of Jesse, a man who has loved her for years and is not the escort she assumed.",,,,2026-07-14,verified,zip_ingest_2026-07-14
the-lost-prima-ballerina,the-lost-prima-ballerina,The Lost Prima Ballerina,,2024,,complete,drama,hidden identity;family drama,"Kidnapped and switched at a Halloween party, the real Amelia Wilson waits tables for her fake mother until a ballet competition leads her back to her true family.",,,,2026-07-14,verified,zip_ingest_2026-07-14
find-your-way-back-to-me-my-childhood-sweetheart,find-your-way-back-to-me-my-childhood-sweetheart,"Find Your Way Back to Me, My Childhood Sweetheart",,2026,,complete,romance,childhood sweethearts;hidden identity,"The richest man in the world searches everywhere for his childhood sweetheart, never realizing he is already married to her.",,,,2026-07-14,verified,zip_ingest_2026-07-14
stop-crying-i-married-someone-better,stop-crying-i-married-someone-better,"Stop Crying, I Married Someone Better",,2025,,complete,romance,contract marriage;billionaire;second chance,"Jilted at the altar, Scarlett accepts CEO Leo Forester's contract marriage to rebuild her life, unaware of his hidden identity and intentions.",,,,2026-07-14,verified,zip_ingest_2026-07-14
campaigning-for-love,campaigning-for-love,Campaigning For Love,,2025,,complete,romance,forbidden romance;one night stand;workplace,"Campaign intern Sarah's one-night stand turns out to be her boss, senatorial candidate Christopher, and their affair could end both their careers.",,,,2026-07-14,verified,zip_ingest_2026-07-14
caution-cute-baby-alert,caution-cute-baby-alert,Caution! Cute Baby Alert!,,2024,,complete,romance,secret baby;billionaire,One night with billionaire Robert left Scarlett pregnant and alone; years later a cute baby calls her mommy and wants her to marry his chauffeur dad.,,,,2026-07-14,verified,zip_ingest_2026-07-14
the-virgin-camp-counselor,the-virgin-camp-counselor,The Virgin Camp Counselor,,2024,,complete,romance,camp romance;bad boy,Naughty Asher Matthews collides with the senior counselor on his first day at camp.,,,,2026-07-14,verified,zip_ingest_2026-07-14
my-secret-husband-is-my-boss,my-secret-husband-is-my-boss,My Secret Husband is My Boss,,2024,,complete,romance,contract marriage;billionaire;hidden identity,"Kate married a stranger to secure her inheritance; returning for a divorce two years later, she discovers her billionaire boss and crush Jack Townsend is her secret husband.",,,,2026-07-14,verified,zip_ingest_2026-07-14
why-my-contract-ex-husband-keeps-chasing-me,why-my-contract-ex-husband-keeps-chasing-me,Why My Contract Ex-husband Keeps Chasing Me,,,,complete,romance,contract marriage;second chance,Jake Hobbs contract-marriage romance.,,,,2026-07-14,verified,zip_ingest_2026-07-14
step-aside-i-m-the-king-of-capital,step-aside-i-m-the-king-of-capital,"Step Aside, I'm the King of Capital",,2025,,complete,drama,hidden identity;billionaire,Evan Adams lead vertical.,,,,2026-07-14,verified,zip_ingest_2026-07-14
summer-situationship,summer-situationship,Summer Situationship,,2024,,complete,romance,summer romance;situationship,Evan Adams' first major recurring vertical drama role.,,,,2026-07-14,verified,zip_ingest_2026-07-14
kissed-by-claw-and-fang,kissed-by-claw-and-fang,Kissed by Claw and Fang,,2026,,complete,fantasy romance,werewolf;forbidden romance,"Human teenager Ivy finds herself homeless after her family goes bankrupt, and falls into the world of shifters.",,,,2026-07-14,verified,zip_ingest_2026-07-14
the-virgin-s-bucket-list,the-virgin-s-bucket-list,The Virgin's Bucket List,,2024,,complete,romance,forbidden romance;sports romance,"Star football recruit Wayne moves into coach Mike's home, and the coach's daughter Lindsay must hide their deepening secret relationship.",,,,2026-07-14,verified,zip_ingest_2026-07-14
oops-i-m-in-love-with-my-stepbrother,oops-i-m-in-love-with-my-stepbrother,Oops! I'm in Love with My Stepbrother,,2025,,complete,romance,forbidden romance;steamy,Fan-favourite spicy Evan Adams vertical.,,,,2026-07-14,verified,zip_ingest_2026-07-14
fated-to-my-billionaire-call-boy,fated-to-my-billionaire-call-boy,Fated To My Billionaire Call Boy,,2025,,complete,romance,billionaire;hidden identity;second chance,"After ending her marriage, Diane's wild rebound night hides a truth: her callboy Eddie is Dominic, a ruthless billionaire secretly in love with her for years.",,,,2026-07-14,verified,zip_ingest_2026-07-14
the-bad-boy-who-ruined-me,the-bad-boy-who-ruined-me,The Bad Boy Who Ruined Me,,2025,,complete,romance,bad boy;college romance,Evan Adams lead vertical.,,,,2026-07-14,verified,zip_ingest_2026-07-14
foulplay-for-my-brother-s-best-friend,foulplay-for-my-brother-s-best-friend,FoulPlay For My Brother's Best Friend,,2026,,complete,romance,forbidden romance;brothers best friend,Shortical premiere (May 2026) starring Evan Adams and Bella Mraz.,,,,2026-07-14,verified,zip_ingest_2026-07-14
accidentally-slept-with-the-young-mafia-boss,accidentally-slept-with-the-young-mafia-boss,Accidentally Slept With the Young Mafia Boss,,2025,,complete,romance,mafia;one night stand;secret baby,"A nurse's one-night stand turns out to be Vincent, a young and violent mafia boss.",,,,2026-07-14,verified,zip_ingest_2026-07-14
dear-stranger-i-love-you,dear-stranger-i-love-you,Dear Stranger I Love You,,2026,,complete,romance,strangers to lovers,Evan Adams romance on the Shorts app.,,,,2026-07-14,verified,zip_ingest_2026-07-14
wild-ride-with-the-dangerous-kian,wild-ride-with-the-dangerous-kian,Wild Ride with the Dangerous Kian,,2025,,complete,romance,bad boy;dark romance,Evan Adams as Kian Wilder.,,,,2026-07-14,verified,zip_ingest_2026-07-14
the-senator-s-son,the-senator-s-son,The Senator's Son,,2025,,complete,romance,college romance;enemies to lovers;interactive,Class president Emma hides that she is a poor girl at a wealthy school; rival Zach Walker hires her as his personal maid. Interactive vertical.,,,,2026-07-14,verified,zip_ingest_2026-07-14
mated-to-the-alpha,mated-to-the-alpha,Mated to the Alpha,,2024,,complete,fantasy romance,werewolf;fated mates,Evan Adams werewolf vertical.,,,,2026-07-14,verified,zip_ingest_2026-07-14
married-the-mafioso-i-saved,married-the-mafioso-i-saved,Married The Mafioso I Saved,,2026,,complete,romance,mafia;contract marriage;hidden identity,"Betrayed and abandoned, Hannah flash-marries Alex, the street thug she saved with a single kiss, not knowing what he really is.",,,,2026-07-14,verified,zip_ingest_2026-07-14
tutoring-my-rival-boy,tutoring-my-rival-boy,Tutoring My Rival Boy,,2025,,complete,romance,enemies to lovers;college romance,Evan Adams lead vertical.,,,,2026-07-14,verified,zip_ingest_2026-07-14
you-fired-a-genius-surgeon,you-fired-a-genius-surgeon,You Fired A Genius Surgeon,,2025,,complete,drama,revenge;hidden identity,"A top surgeon is fired by his boss's son and joins a rival hospital, driving his old employer to ruin.",,,https://www.reelshort.com/movie/you-fired-a-genius-surgeon-687f2ab2dafc1bd65e0e34ca,2026-07-14,verified,reelshort_tag_scrape_2026-07-14
mr-hills-adorable-wife,mr-hills-adorable-wife,Mr Hills' Adorable Wife,,2024,,complete,romance,billionaire;cinderella,"Overlooked by her family for a birthmark, Valerie finds unexpected love with billionaire Andrew Hills.",,,https://www.reelshort.com/movie/mr-hills-adorable-wife-66da3ef192c3e36f2f003bb4,2026-07-14,verified,reelshort_tag_scrape_2026-07-14
dominated-by-my-dad-s-boss,dominated-by-my-dad-s-boss,Dominated by My Dad's Boss,,2025,,complete,romance,forbidden romance;age gap;hidden identity,Jayne's secret arrangement with a stranger turns risky when he proves to be the man overseeing her father's exit from the family company.,,,https://www.reelshort.com/movie/dominated-by-my-dad-s-boss-6858fb5deb198a16ec0e6f83,2026-07-14,verified,reelshort_tag_scrape_2026-07-14
queen-of-the-court,queen-of-the-court,Queen of the Court,,2025,,complete,drama,sports romance;second chance;revenge,A former tennis star who gave up her career for her boyfriend reclaims her own potential after his betrayal.,,,https://www.reelshort.com/movie/queen-of-the-court-68c8fb9e6073aca9ca08fa5e,2026-07-14,verified,reelshort_tag_scrape_2026-07-14
swapped-my-ex-for-his-billionaire-uncle,swapped-my-ex-for-his-billionaire-uncle,Swapped My Ex for His Billionaire Uncle,,2025,,complete,romance,billionaire;second chance;forbidden romance,"Divorced and done with love, Nina is relentlessly pursued by Damon, her ex-husband's youngest uncle.",,,https://www.reelshort.com/movie/swapped-my-ex-for-his-billionaire-uncle-6945b6f11429aa92890398aa,2026-07-14,verified,reelshort_tag_scrape_2026-07-14
meet-my-brothers,meet-my-brothers,Meet My Brothers,,2026,,complete,drama,contract marriage;hidden identity;secret heiress,Discarded contract wife Catherine learns she is the long-lost daughter of the powerful Lane family.,,,https://www.reelshort.com/movie/meet-my-brothers-69b88396a5b6d3639400d47f,2026-07-14,verified,reelshort_tag_scrape_2026-07-14
rented-a-billionaire-husband-for-christmas,rented-a-billionaire-husband-for-christmas,Rented a Billionaire Husband for Christmas,,2025,,complete,romance,fake dating;secret baby;second chance,"Seven years after one shared night, they fake-marry for Christmas, with a child he doesn't know is his.",,,https://www.reelshort.com/movie/rented-a-billionaire-husband-for-christmas-6930f3b01cc54679ca078825,2026-07-14,verified,reelshort_tag_scrape_2026-07-14
the-billionaire-and-the-baby-trap,the-billionaire-and-the-baby-trap,The Billionaire and the Baby Trap,,2026,,complete,romance,billionaire;hidden identity;one night stand,"Trying to escape a loveless marriage, Elara lands in the arms of Cole, a secret billionaire and her husband's uncle.",,,https://www.reelshort.com/movie/the-billionaire-and-the-baby-trap-6994c7def370c522ef066652,2026-07-14,verified,reelshort_tag_scrape_2026-07-14
american-sniper-the-last-round,american-sniper-the-last-round,American Sniper: The Last Round,,2025,,complete,action,hidden identity;revenge,A legendary sharpshooter hiding as a shooting range handyman steps up when the range faces a hostile takeover.,,,https://www.reelshort.com/movie/american-sniper-the-last-round-6923bbd68bc07cff53085ab4,2026-07-14,verified,reelshort_tag_scrape_2026-07-14
the-cooking-queen-a-recipe-for-divorce,the-cooking-queen-a-recipe-for-divorce,The Cooking Queen: A Recipe for Divorce,,2026,,complete,drama,revenge;second chance;divorce,A legendary chef who gave up fame for her husband rebuilds her career after his betrayal.,,,https://www.reelshort.com/movie/the-cooking-queen-a-recipe-for-divorce-69aefec9d6db6f96240ff7b4,2026-07-14,verified,reelshort_tag_scrape_2026-07-14
the-break-up-bet-with-my-billionaire-ex,the-break-up-bet-with-my-billionaire-ex,The Break-up Bet With My Billionaire Ex,,2025,,complete,romance,second chance;contract lovers,Exes Layla and Joshua signed a pact to marry if both are single in five years. Five years later he's her new head chef.,,,https://www.reelshort.com/movie/the-break-up-bet-with-my-billionaire-ex-68191e5408a393374109d3ca,2026-07-14,verified,reelshort_tag_scrape_2026-07-14
mistaken-as-his-mate-the-luna-s-regret,mistaken-as-his-mate-the-luna-s-regret,Mistaken as His Mate: The Luna's Regret,,2025,,complete,fantasy romance,werewolf;revenge,A Luna's jealous mistake against the Alpha's pregnant sister ignites a blood feud.,,,https://www.reelshort.com/movie/mistaken-as-his-mate-the-luna-s-regret-68b929384c72c7c64907f813,2026-07-14,verified,reelshort_tag_scrape_2026-07-14
fuel-to-our-fire-my-racer-stepbrother,fuel-to-our-fire-my-racer-stepbrother,Fuel to Our Fire: My Racer Stepbrother,,2025,,complete,romance,stepbrother;forbidden romance;bad boy,A street race dancer unknowingly falls into the orbit of the world's most feared championship racer: her stepbrother.,,,https://www.reelshort.com/movie/fuel-to-our-fire-my-racer-stepbrother-67f7913141ebfd891f0fc824,2026-07-14,verified,reelshort_tag_scrape_2026-07-14
taming-the-lion-billionaire-on-bikes,taming-the-lion-billionaire-on-bikes,Taming the Lion: Billionaire on Bikes,,2024,,complete,romance,bad boy;billionaire;biker,"Kara falls for Leo, a dominant biker billionaire who teaches her to protect herself.",,,https://www.reelshort.com/movie/taming-the-lion-billionaire-on-bikes-65da3ce0317029c81b040cb3,2026-07-14,verified,reelshort_tag_scrape_2026-07-14
i-m-pregnant-let-s-break-up,i-m-pregnant-let-s-break-up,"I'm Pregnant, Let's Break Up!",,2025,,complete,romance,pregnancy;second chance;secret relationship,"A pregnant talent manager walks away from her unspoken three-year relationship with an A-list star, who only then realizes what he lost.",,,https://www.reelshort.com/movie/i-m-pregnant-let-s-break-up-6791cc1fd96e3123cb0ca88d,2026-07-14,verified,reelshort_tag_scrape_2026-07-14
heiress-crash-lands-on-her-husband,heiress-crash-lands-on-her-husband,Heiress Crash Lands on Her Husband,,2025,,complete,romance,heiress;hidden identity;revenge,"Lily out-trumps her cheating ex, his mistress, a royal suitor and a dominant mother-in-law in a marathon of revealed identities.",,,https://www.reelshort.com/movie/heiress-crash-lands-on-her-husband-677db68bc980db58d5072f41,2026-07-14,verified,reelshort_tag_scrape_2026-07-14
mafia-boss-takes-high-school,mafia-boss-takes-high-school,Mafia Boss Takes High School,,2025,,complete,drama,mafia;body swap;second chance,A mafia boss wakes in the body of a bullied high schooler and takes a second run at finishing school.,,,https://www.reelshort.com/movie/mafia-boss-takes-high-school-6825b45960033dc2750e6ae1,2026-07-14,verified,reelshort_tag_scrape_2026-07-14
backstage-romance-with-the-popstar,backstage-romance-with-the-popstar,Backstage Romance with the Popstar,,2026,,complete,romance,hidden identity;rockstar;second chance,A dumped assistant is secretly the super-producer who built the rockstar's career and owns his label.,,,https://www.reelshort.com/movie/backstage-romance-with-the-popstar-69770f5f0575988220032621,2026-07-14,verified,reelshort_tag_scrape_2026-07-14
i-flash-married-my-best-friend,i-flash-married-my-best-friend,I Flash-Married My Best Friend?!,,2025,,complete,romance,flash marriage;friends to lovers;billionaire,"Best friends Chloe and Mateo wake up flash-married, and Mateo is secretly a billionaire CEO.",,,https://www.reelshort.com/movie/i-flash-married-my-best-friend-68b92943a20880cce40ac468,2026-07-14,verified,reelshort_tag_scrape_2026-07-14
you-ve-got-male,you-ve-got-male,You've Got Male,,2024,,complete,romance,hidden identity;revenge;one night stand,"After her sham marriage collapses, Leila's escort turns out to be her longtime secret admirer.",,,https://www.reelshort.com/movie/you-ve-got-male-668480b052032ccba70655fb,2026-07-14,verified,reelshort_tag_scrape_2026-07-14
the-call-boy-i-met-in-paris,the-call-boy-i-met-in-paris,The Call Boy I Met in Paris,,2024,,complete,romance,hidden identity;fake dating;billionaire,Sophie fake-marries a man she mistakes for a callboy. He's a billionaire she met seven years ago.,,,https://www.reelshort.com/movie/the-call-boy-i-met-in-paris-6651191b7812e57a1e0ddb5c,2026-07-14,verified,reelshort_tag_scrape_2026-07-14
genius-baby-gets-daddy-back,genius-baby-gets-daddy-back,Genius Baby Gets Daddy Back,,2024,,complete,romance,secret baby;contract marriage;hidden identity,"A medical mishap, a hasty marriage and six years apart: Violet's charming new boss is her long-lost husband.",,,https://www.reelshort.com/movie/genius-baby-gets-daddy-back-675b906f095133d4f90de304,2026-07-14,verified,reelshort_tag_scrape_2026-07-14
my-husband-regrets-divorcing-me,my-husband-regrets-divorcing-me,My Husband Regrets Divorcing Me,,2025,,complete,drama,hidden identity;divorce;independent woman,A secret CEO who lifted her husband to the top reclaims her own throne after choosing divorce.,,,https://www.reelshort.com/movie/my-husband-regrets-divorcing-me-6807568174479ad7f60dc6f3,2026-07-14,verified,reelshort_tag_scrape_2026-07-14
love-me-two-times,love-me-two-times,Love Me Two Times,,2025,,complete,romance,fake dating;second chance;one night stand,"Six months after he vanished, Emma fake-dates Liam at her sister's wedding to shake off her ex.",,,https://www.reelshort.com/movie/love-me-two-times-67773dcf3d3252065f0e5651,2026-07-14,verified,reelshort_tag_scrape_2026-07-14
snatched-a-billionaire-to-be-my-husband,snatched-a-billionaire-to-be-my-husband,Snatched a Billionaire to be My Husband,,2023,,complete,romance,billionaire;forbidden romance,She falls in love with her ex's uncle.,,,https://www.reelshort.com/movie/snatched-a-billionaire-to-be-my-husband-658ede55d7ffb9c594044a25,2026-07-14,verified,reelshort_tag_scrape_2026-07-14
we-are-never-ever-getting-back-together,we-are-never-ever-getting-back-together,We Are Never Ever Getting Back Together,,2024,,complete,romance,contract marriage;second chance;boss romance,Lisa's contract marriage ends without notice. Then her ex-husband becomes her boss.,,,https://www.reelshort.com/movie/we-are-never-ever-getting-back-together-6622f270df7549dd7a0c8551,2026-07-14,verified,reelshort_tag_scrape_2026-07-14
the-ceo-s-contract-wife,the-ceo-s-contract-wife,The CEO's Contract Wife,,2022,,complete,romance,contract marriage;CEO,"Jasper needed a wife urgently, Chloe needed money urgently; their contract marriage becomes the real thing.",,,https://www.reelshort.com/movie/the-ceo-s-contract-wife-636961a2c13cfc775854b1e5,2026-07-14,verified,reelshort_tag_scrape_2026-07-14
money-guns-and-a-merry-christmas,money-guns-and-a-merry-christmas,"Money, Guns, and a Merry Christmas",,2024,,complete,drama,hidden identity;contract marriage;rags to riches,A defense-industry CEO mistaken for a broke salesman contract-marries Iris and turns the tables on her sneering relatives at Christmas dinner.,,,https://www.reelshort.com/movie/money-guns-and-a-merry-christmas-6763331070d4a48fb00bc994,2026-07-14,verified,reelshort_tag_scrape_2026-07-14
the-heiress-and-her-possessive-bodyguard,the-heiress-and-her-possessive-bodyguard,The Heiress and Her Possessive Bodyguard,,2025,,complete,romance,bodyguard;heiress;second chance,"Three years after Jack saved heiress Grace from a stalker, a misunderstanding made them enemies. Now he is her live-in bodyguard.",,,https://www.reelshort.com/movie/the-heiress-and-her-possessive-bodyguard-67aaaffa39850916ba0e14d0,2026-07-14,verified,reelshort_tag_scrape_2026-07-14
big-bad-husband-please-wake-up,big-bad-husband-please-wake-up,"Big Bad Husband, Please Wake Up!",,2022,,complete,romance,contract marriage;billionaire,Ciara marries comatose billionaire Adrian to save her sick family. Then he wakes up.,,,https://www.reelshort.com/movie/big-bad-husband-please-wake-up-6397dea32825a83a57175495,2026-07-14,verified,reelshort_tag_scrape_2026-07-14
big-bad-husband-please-wake-up-2,big-bad-husband-please-wake-up-2,"Big Bad Husband, Please Wake Up! 2",,2023,,complete,romance,contract marriage;billionaire,Ellie sells herself into the Lyons family for five million dollars to deliver an heir. Her husband Wayne is in a coma.,,,https://www.reelshort.com/movie/big-bad-husband-please-wake-up-2-647aa5b086deef74cd0ebe66,2026-07-14,verified,reelshort_tag_scrape_2026-07-14
fatal-attraction-a-dark-mafia-romance,fatal-attraction-a-dark-mafia-romance,Fatal Attraction: A Dark Mafia Romance,,2024,,complete,dark romance,mafia;revenge;forbidden romance,"Daisy poses as a dancer to get close to mafia boss Hogan and avenge her mother. He suspects her, and wants her anyway.",,,https://www.reelshort.com/movie/fatal-attraction-a-dark-mafia-romance-676dda478fc3bbcd4c0d1375,2026-07-14,verified,reelshort_tag_scrape_2026-07-14
hello-let-s-get-married,hello-let-s-get-married,"Hello, Let's Get Married",,2024,,complete,romance,flash marriage,"Married moments after meeting, Maya and Ethan try to make it work despite enemies and her mysterious past.",,,https://www.reelshort.com/movie/hello-let-s-get-married-676f15658115af7a38038820,2026-07-14,verified,reelshort_tag_scrape_2026-07-14
uncle-william-please-say-i-do,uncle-william-please-say-i-do,"Uncle William, Please Say I Do!",,2025,,complete,romance,contract marriage;age gap;forbidden romance,"After breaking off her engagement to his nephew, Alaina proposes a secret one-year contract marriage to William, who has quietly loved her all along.",,,https://www.reelshort.com/movie/uncle-william-please-say-i-do-679423dff9a4ac9055018cfe,2026-07-14,verified,reelshort_tag_scrape_2026-07-14
escorting-the-ruthless-billionaire-doctor,escorting-the-ruthless-billionaire-doctor,Escorting the Ruthless Billionaire Doctor,,2025,,complete,romance,billionaire;one night stand,"Desperate to fund her father's surgery, Violet meets Dax, a billionaire doctor determined to pull her back from the edge.",,,https://www.reelshort.com/movie/escorting-the-ruthless-billionaire-doctor-687f2ae7a58a11d8910aca34,2026-07-14,verified,reelshort_tag_scrape_2026-07-14
surrender-to-my-professor,surrender-to-my-professor,Surrender to My Professor,,2025,,complete,romance,forbidden romance;age gap;college romance,"Struggling student Sylvia falls into a forbidden romance with her cold, harsh professor Lawrence Calhoun.",,,https://www.reelshort.com/movie/surrender-to-my-professor-677a0db90fc9407e14077c4c,2026-07-14,verified,reelshort_tag_scrape_2026-07-14
her-double-his-trouble,her-double-his-trouble,"Her Double, His Trouble",,2025,,complete,drama,revenge;hidden identity,CEO Erin steps into her murdered twin sister's life to psychologically destroy the husband and best friend who killed her.,,,https://www.reelshort.com/movie/her-double-his-trouble-689e222a75034b7ff90fd71b,2026-07-14,verified,reelshort_tag_scrape_2026-07-14
dark-notes,dark-notes,Dark Notes,,2026,,complete,dark romance,forbidden romance;age gap,Adapted from Pam Godwin's novel: music student Ivory and her dominating professor Emeric begin a taboo relationship that could destroy everything.,,,https://www.reelshort.com/movie/dark-notes-6a0cb99ac2308bcd5308bc59,2026-07-14,verified,reelshort_tag_scrape_2026-07-14
daddy-december,daddy-december,Daddy December,,2024,,complete,romance,one night stand;holiday romance,"The night before her unwanted wedding, Holly's last night of freedom collides with Nick, a santa stripper who is also her groom's best man.",,,https://www.reelshort.com/movie/daddy-december-673c6358eb602c35440e014a,2026-07-14,verified,reelshort_tag_scrape_2026-07-14
pucked-and-pregnant,pucked-and-pregnant,Pucked and Pregnant,,2025,,complete,romance,sports romance;pregnancy,Hockey player Logan and Alexis fall for each other before discovering he accidentally killed her brother on the ice a year earlier.,,,https://www.reelshort.com/movie/pucked-and-pregnant-677f61d34c0424fd9a082408,2026-07-14,verified,reelshort_tag_scrape_2026-07-14
move-aside-i-m-the-final-boss,move-aside-i-m-the-final-boss,Move Aside! I'm the Final Boss,,2025,,complete,drama,hidden identity;rags to riches;revenge,"Kingsley, secret King of King's Corps and the richest man on Earth, returns from war to be dumped as a nobody. Regret follows.",,,https://www.reelshort.com/movie/move-aside-i-m-the-final-boss-67c24a90717e250f170c4ebc,2026-07-14,verified,reelshort_tag_scrape_2026-07-14
you-fired-a-tech-genius,you-fired-a-tech-genius,You Fired A Tech Genius,,2025,,complete,drama,revenge;hidden identity,"Fired by his CEO's son, Silicon Valley genius Erik joins the rival company and bankrupts his old employer.",,,https://www.reelshort.com/movie/you-fired-a-tech-genius-677db51b4b143c5a8007f0f1,2026-07-14,verified,reelshort_tag_scrape_2026-07-14
cooking-my-way-back-to-love,cooking-my-way-back-to-love,Cooking My Way Back to Love,,2025,,complete,drama,second chance;revenge,"A legendary chef broken by grief rebuilds from homelessness in a small restaurant kitchen, then picks his knife back up for revenge.",,,https://www.reelshort.com/movie/cooking-my-way-back-to-love-6858fbb2ba1325d77905c8c6,2026-07-14,verified,reelshort_tag_scrape_2026-07-14
the-deaf-heiress-s-secret,the-deaf-heiress-s-secret,The Deaf Heiress's Secret,,2025,,complete,drama,heiress;hidden identity;revenge,A deaf heiress secretly regains her hearing and plays along while gathering evidence against the schemers around her.,,,https://www.reelshort.com/movie/the-deaf-heiress-s-secret-68075726bfe31ae241029d10,2026-07-14,verified,reelshort_tag_scrape_2026-07-14
understated-guardian-king,understated-guardian-king,Understated Guardian King,,2025,,complete,action,bodyguard;contract marriage;revenge,"Retired special forces operator Cole hides as a security guard to protect his fallen comrade's sister, then is forced into a fake marriage and a corporate war.",,,https://www.reelshort.com/movie/understated-guardian-king-69362dca0f1ca1629406d3d7,2026-07-14,verified,reelshort_tag_scrape_2026-07-14
i-m-the-one-in-charge,i-m-the-one-in-charge,I'm The One In Charge,I'm The One In Charge (English-dubbed),2026,,complete,drama,hidden identity;rags to riches,"Christopher, secret king of a global business empire, returns from the battlefield to be dumped as a clown.",,,https://www.reelshort.com/movie/i-m-the-one-in-charge-69a5454af5f994c29609a831,2026-07-14,verified,reelshort_tag_scrape_2026-07-14
my-billionaire-ever-after,my-billionaire-ever-after,My Billionaire Ever After,,2025,,complete,romance,hidden identity;billionaire;fake dating,"Fleeing an arranged marriage, Aria fake-marries food truck worker Norman, who is secretly a billionaire CEO.",,,https://www.reelshort.com/movie/my-billionaire-ever-after-678b0e4df513a20e830d9372,2026-07-14,verified,reelshort_tag_scrape_2026-07-14
wrong-marriage-fated-groom,wrong-marriage-fated-groom,"Wrong Marriage, Fated Groom",,2025,,complete,romance,hidden identity;fake dating;mistaken identity,"Dumped at the altar, Emily marries the wrong man: her own billionaire CEO, who hides his identity while her saboteurs circle.",,,https://www.reelshort.com/movie/wrong-marriage-fated-groom-678df4308987856546031790,2026-07-14,verified,reelshort_tag_scrape_2026-07-14
the-lady-boss-s-small-town-valentine,the-lady-boss-s-small-town-valentine,The Lady Boss's Small Town Valentine,,2025,,complete,romance,enemies to lovers;small town,A workaholic executive is exiled to rescue a failing mountain-town hotel and forced to share a chalet with its people-first co-manager.,,,https://www.reelshort.com/movie/the-lady-boss-s-small-town-valentine-678dfe853bd9b5be490a13a0,2026-07-14,verified,reelshort_tag_scrape_2026-07-14
pregnant-by-my-tough-daddy-ceo,pregnant-by-my-tough-daddy-ceo,Pregnant by My Tough Daddy CEO,,2025,,complete,romance,one night stand;pregnancy;billionaire,"Broke and bullied, she is rescued by a CEO, ends up pregnant with twins after one night, and moves into his house.",,,https://www.reelshort.com/movie/pregnant-by-my-tough-daddy-ceo-6794217458c8dfcacc00b8be,2026-07-14,verified,reelshort_tag_scrape_2026-07-14
falling-for-my-ex-s-mafia-dad,falling-for-my-ex-s-mafia-dad,Falling for My Ex's Mafia Dad,,2025,,complete,dark romance,mafia;age gap;forbidden romance;pregnancy,"After catching her boyfriend cheating, Fay is pulled into a mob alliance marriage and falls for his father, the Mafia King.",,,https://www.reelshort.com/movie/falling-for-my-ex-s-mafia-dad-67b55429a9d0ac04b202017f,2026-07-14,verified,reelshort_tag_scrape_2026-07-14
homeless-billionaire-baby-daddy,homeless-billionaire-baby-daddy,Homeless Billionaire Baby Daddy,,2025,,complete,romance,one night stand;secret baby;amnesia,"Five years after an accident erased his memory, a homeless Alex is recognized by the daughter he never knew he had.",,,https://www.reelshort.com/movie/homeless-billionaire-baby-daddy-68debdd66704ca4a470c01cc,2026-07-14,verified,reelshort_tag_scrape_2026-07-14
claimed-by-the-alpha-i-hate,claimed-by-the-alpha-i-hate,Claimed by the Alpha I Hate,,,,complete,romance,werewolf;rejected-mate;fated-mates;enemies-to-lovers,"Daisy Storm cannot shift and is hated by her pack; her Alpha mate cheats and breaks their bond on her eighteenth birthday. After her mother dies she is ordered back by new Alpha Nolan Fenrir, the man she blames, and a forbidden second mate bond pulls them together.",,,https://www.reelshort.com/movie/claimed-by-the-alpha-i-hate-67aab6d180531fad7304cf74,2026-07-14,needs_check,scrape_2026-07-14
maid-for-my-nemesis,maid-for-my-nemesis,Maid for My Nemesis,,,,complete,romance,enemies-to-lovers;hidden-identity;college-romance,"Class president Emma hides that she is the poorest girl at her wealthy private school. Rival rich bad boy Lucas Bennett gets her fired then hires her as his personal maid, keeping the arrangement secret as long as she caters to his every need.",,,https://www.reelshort.com/movie/maid-for-my-nemesis-6746ab2669a3a61f880f858d,2026-07-14,needs_check,scrape_2026-07-14
if-loving-you-is-a-sin-then-i-ll-go-to-hell,if-loving-you-is-a-sin-then-i-ll-go-to-hell,"If Loving You is a Sin, then I'll Go to Hell",,,,complete,romance,forbidden-romance;bad-boy;pregnancy,"Good girl Ellie Jones falls for bad boy Asher King and gets pregnant. Her pastor father and his gang family, the Red Snakes, want to keep them apart and take the baby; Asher vows to protect her at any cost.",,,https://www.reelshort.com/movie/if-loving-you-is-a-sin-then-i-ll-go-to-hell-67e3169220c234316e0a4efe,2026-07-14,needs_check,scrape_2026-07-14
the-words,the-words,The Words,,,,complete,romance,second-chance;rockstar,"Based on the novel by Ashley Jade. Rocker bad boy Phoenix broke Lennon's heart and stole her song. Four years later she is hired to keep the spiraling rockstar sober for eight weeks on tour, testing a second chance at love.",,,https://www.reelshort.com/movie/the-words-694aea21e7b4a4d2ab0d7d5f,2026-07-14,needs_check,scrape_2026-07-14
30-days-till-i-marry-my-husband-s-nemesis,30-days-till-i-marry-my-husband-s-nemesis,30 Days Till I Marry My Husband's Nemesis,,,,complete,romance,second-chance;revenge;enemies-to-lovers,"Blair, murdered by her husband Jack in the future, gets a second chance in the past and marries his nemesis Nathan to escape her fate.",,,https://www.reelshort.com/movie/30-days-till-i-marry-my-husband-s-nemesis-657c539736f92d4eae02f093,2026-07-14,needs_check,scrape_2026-07-14
the-ex-wife-s-comeback-strategy,the-ex-wife-s-comeback-strategy,The Ex-Wife's Comeback Strategy,,,,complete,romance,hidden-identity;divorce;second-chance,"After hooking up with a husband she has never met, Aria learns Benjamin wants a divorce. Hiding her identity, she designs his new house and both fall for each other.",,,https://www.reelshort.com/movie/the-ex-wife-s-comeback-strategy-67b552ef9fda67232d0477c1,2026-07-14,needs_check,scrape_2026-07-14
married-a-gardener-got-a-prince,married-a-gardener-got-a-prince,"Married a Gardener, Got a Prince",,,,complete,romance,hidden-identity;flash-marriage;secret-billionaire,"Prince Philip of Lavinia poses as a royal gardener in the US and flash-marries Anna, helping her defeat her stepmother and inherit her mother's company before revealing his identity.",,,https://www.reelshort.com/movie/married-a-gardener-got-a-prince-6916da89686e13455b00b9c9,2026-07-14,needs_check,scrape_2026-07-14
runaway-billionaire-becomes-my-groom,runaway-billionaire-becomes-my-groom,Runaway Billionaire Becomes My Groom,,,,complete,romance,flash-marriage;billionaire,"Left at the altar, Liana impulsively marries mysterious billionaire Jacob; a cold agreement becomes passion amid meddling exes, family drama and corporate battles.",,,https://www.reelshort.com/movie/runaway-billionaire-becomes-my-groom-6835831790ff91ab240435a1,2026-07-14,needs_check,scrape_2026-07-14
love-me-after-my-death,love-me-after-my-death,Love Me After My Death,,,,complete,romance,divorce;family-drama,"Diagnosed with cancer and given three months, Caroline is repeatedly wronged by husband Eric after his old flame appears with a child. She divorces him; he only learns of her diagnosis after it is too late for reconciliation.",,,https://www.reelshort.com/movie/love-me-after-my-death-67b7a7c15cdc9f437b0fbf91,2026-07-14,needs_check,scrape_2026-07-14
the-billionaire-firefighter-and-his-sweet-wife,the-billionaire-firefighter-and-his-sweet-wife,The Billionaire Firefighter and His Sweet Wife,,,,complete,romance,flash-marriage;secret-billionaire;ceo,"Abandoned by her fiance during a wedding-day fire, Chloe is rescued by Leo and impulsively marries him to reclaim her mother's inheritance, unaware he is a billionaire CEO who grows utterly devoted to her.",,,https://www.reelshort.com/movie/the-billionaire-firefighter-and-his-sweet-wife-67bcf64bbc2c7303280b1e8a,2026-07-14,needs_check,scrape_2026-07-14
falling-for-my-dad-s-best-friend,falling-for-my-dad-s-best-friend,Falling for My Dad's Best Friend,,,,complete,romance,age-gap;forbidden-romance,"Bold young Kylie tempts her dad's best friend Jaxon; as he struggles to resist, escalating tension leads to an ultimate betrayal that changes everything.",,,https://www.reelshort.com/movie/falling-for-my-dad-s-best-friend-67c2465a23f6c37d0f03ea28,2026-07-14,needs_check,scrape_2026-07-14
my-loser-daddy-is-a-big-shot,my-loser-daddy-is-a-big-shot,My Loser Daddy is a Big Shot,,,,complete,romance,hidden-identity;flash-marriage;family-drama,"Veteran Ethan and CEO Leanne marry on a whim thanks to daughter Cassie. Scorned as a deserter and gold digger, Ethan is secretly leader of the justice group GUARDIAN FORCE, rooting out traitors while being a devoted husband and father.",,,https://www.reelshort.com/movie/my-loser-daddy-is-a-big-shot-67c62da9fd52ffc9020984a5,2026-07-14,needs_check,scrape_2026-07-14
audrey-in-full-bloom,audrey-in-full-bloom,Audrey in Full Bloom,,,,complete,romance,hidden-identity;heiress;ceo;enemies-to-lovers,"Harvard MBA Audrey Lorenzo Bloom is set to become BloomCo's first female and non-white CEO after years undercover as a cleaning lady. On the eve of her introduction she uncovers her fiance's deportation fraud plot, an executive coup for her white cousin, and that childhood enemy Ryder Marlow may not be an enemy at all.",,,https://www.reelshort.com/movie/audrey-in-full-bloom-67d8a6ea787657f63a0faf83,2026-07-14,needs_check,scrape_2026-07-14
help-my-hot-boss-has-my-nudes,help-my-hot-boss-has-my-nudes,Help! My Hot Boss Has My Nudes!,,,,complete,romance,boss-romance;workplace,"An employee accidentally sends a revealing photo to her hot boss; desire, scandal and secrets turn the office and her heart upside down.",,,https://www.reelshort.com/movie/help-my-hot-boss-has-my-nudes-6952227b0e44c1fbe20f2d4c,2026-07-14,needs_check,scrape_2026-07-14
saved-by-the-sexy-cowboy,saved-by-the-sexy-cowboy,Saved by the Sexy Cowboy,,,,complete,romance,small-town;dark-romance,Ava is on the run from her abusive ex when a cowboy saves her and teaches her how a woman should be loved; she must learn to love again before her ex catches her.,,,https://www.reelshort.com/movie/saved-by-the-sexy-cowboy-67c01a6d8084d51c2804613e,2026-07-14,needs_check,scrape_2026-07-14
pregnant-by-my-ex-s-dad,pregnant-by-my-ex-s-dad,Pregnant by My Ex's Dad,,,,complete,romance,age-gap;one-night-stand;pregnancy,"After catching her boyfriend cheating with her best friend, Lucia falls into the arms of her ex's dad; one encounter leaves her pregnant.",,,https://www.reelshort.com/movie/pregnant-by-my-ex-s-dad-665456413308d39c590da610,2026-07-14,needs_check,scrape_2026-07-14
sleeping-with-the-president,sleeping-with-the-president,Sleeping with the President,,,,complete,romance,forbidden-romance;workplace,"Wedding planner Mia needs her business to succeed to pay for her sister's treatment, but falls for the groom, presidential candidate Eli Thorne.",,,https://www.reelshort.com/movie/sleeping-with-the-president-6719fc9868994e654d0a492c,2026-07-14,needs_check,scrape_2026-07-14
alpha-s-regret,alpha-s-regret,Alpha's Regret,,,,complete,romance,werewolf;rejected-mate;secret-baby;second-chance,"Lila's fated mate, the rival alpha, rejected her. Now he is back wanting a second chance, but she is hiding their son.",,,https://www.reelshort.com/movie/alpha-s-regret-67bd86774ec96427fd0c7ac5,2026-07-14,needs_check,scrape_2026-07-14
captured-and-bound-by-my-ceo,captured-and-bound-by-my-ceo,Captured and Bound By My CEO,,,,complete,romance,ceo;family-drama;dark-romance,"Heir apparent Lydia faces her brother and boyfriend allying with enemy Declan to bring her down, but Declan has been in love with her all along.",,,https://www.reelshort.com/movie/captured-and-bound-by-my-ceo-66f1c75a5e8ddc70fc018797,2026-07-14,needs_check,scrape_2026-07-14
tricked-into-having-my-ex-husband-s-baby,tricked-into-having-my-ex-husband-s-baby,Tricked into Having my Ex-Husband's Baby,,,,complete,romance,second-chance;pregnancy;divorce,"Facing infertility, Erica hires an escort to get pregnant; her ex-husband Damon secretly takes his place, and now pregnant Erica must decide whether to give him another chance.",,,https://www.reelshort.com/movie/tricked-into-having-my-ex-husband-s-baby-67908db909f0a68e3c0fb3e5,2026-07-14,needs_check,scrape_2026-07-14
straight-a-pregnancy,straight-a-pregnancy,Straight A Pregnancy,,,,complete,romance,one-night-stand;pregnancy;college-romance;bad-boy,"After a one-night stand with campus heartthrob Ben, Kelsey is pregnant and keeps the baby; will flirty fratboy Ben stick around?",,,https://www.reelshort.com/movie/straight-a-pregnancy-6756a3f1e1061984750adf70,2026-07-14,needs_check,scrape_2026-07-14
good-with-her-hands,good-with-her-hands,Good with Her Hands,,,,complete,romance,second-chance;contract-lovers;sports-romance;college-romance,"Doctor Bella is reunited with first love Adam, now an NHL superstar, when he seeks her help; a contract relationship gives their unfinished love a second chance.",,,https://www.reelshort.com/movie/good-with-her-hands-67b554ea7dcbda95a808a7f3,2026-07-14,needs_check,scrape_2026-07-14
baby-please-don-t-marry-him,baby-please-don-t-marry-him,"Baby, Please Don't Marry Him",,2025,,complete,romance,second-chance;forbidden-romance,"Gloria fakes being superficial to free her boyfriend, then seven years later is forced into an arranged marriage and finds her fiance's uncle is her now-successful ex.",,,https://www.reelshort.com/movie/baby-please-don-t-marry-him-67f6cbba96412fe9460d57ac,2026-07-14,needs_check,scrape_2026-07-14
billionaire-completes-my-bucket-list,billionaire-completes-my-bucket-list,Billionaire Completes My Bucket List,,,,complete,romance,fake-relationship;ceo,"After a cheating boyfriend, a toxic job and a terminal leukemia diagnosis, Tessa starts her bucket list; CEO Cassian Vaughn funds her last wishes if she poses as his fiancee.",,,https://www.reelshort.com/movie/billionaire-completes-my-bucket-list-691d9ce58ec4a2044c092150,2026-07-14,needs_check,scrape_2026-07-14
the-one-i-never-forget,the-one-i-never-forget,The One I Never Forget,,,,complete,romance,second-chance;family-drama,"Torn apart five years ago by tragedy, lies and a miscarriage, journalist Sofia and baseball superstar Justin reunite in Los Angeles, uncover the truth and rebuild love from the ruins.",,,https://www.reelshort.com/movie/the-one-i-never-forget-6924200211e56d83a80583cc,2026-07-14,needs_check,scrape_2026-07-14
secret-surrogate-to-the-mafia-king,secret-surrogate-to-the-mafia-king,Secret Surrogate to the Mafia King,,,,complete,romance,mafia;pregnancy;dark-romance,"Selling her eggs to pay her boyfriend's debt, Vanessa ends up pregnant by clinical error; the father is ruthless Mafia King Marcello Lavigne, who moves her into his mansion and proves his devotion as she decides whether to become queen of his empire.",,,https://www.reelshort.com/movie/secret-surrogate-to-the-mafia-king-6825b38d4baea997900af478,2026-07-14,needs_check,scrape_2026-07-14
stay-at-home-dad-levels-up,stay-at-home-dad-levels-up,Stay-at-Home Dad Levels Up,,,,complete,romance,secret-billionaire;family-drama;rags-to-riches,"Penniless orphan Jack Parker, scorned by his wife's family, becomes heir to one of the world's richest companies and must prove it before they destroy his marriage and take his child.",,,https://www.reelshort.com/movie/stay-at-home-dad-levels-up-68a80959bddb266830011182,2026-07-14,needs_check,scrape_2026-07-14
countdown-to-life-rescue-at-30-000-feet,countdown-to-life-rescue-at-30-000-feet,Countdown to Life: Rescue at 30000 Feet,,,,complete,romance,hidden-identity;family-drama,"Elite surgeon Shaun races a donor kidney by plane for dying billionaire Derek Wolf, facing humiliation from the fiancee of Wolf's grandson until she smashes the case and sees whose name is on it.",,,https://www.reelshort.com/movie/countdown-to-life-rescue-at-30-000-feet-68d5a3937492825f6c0a6f08,2026-07-14,needs_check,scrape_2026-07-14
betraying-my-billionaire-husband,betraying-my-billionaire-husband,Betraying My Billionaire Husband,,,,complete,romance,secret-baby;second-chance;billionaire,"With her father imprisoned and facing cancer and a secret pregnancy, heiress Jane stages a fake affair to free her fiance Vincent; years later the billionaire learns he has a 7-year-old son.",,,https://www.reelshort.com/movie/betraying-my-billionaire-husband-67370a5c4d9a3a0f050ecaa3,2026-07-14,needs_check,scrape_2026-07-14
true-heiress-vs-fake-queen-bee,true-heiress-vs-fake-queen-bee,True Heiress vs. Fake Queen Bee,,,,complete,romance,secret-heiress;hidden-identity;mistaken-identity,"Wealthy teen Hailey hides her identity at a public school while the maid's daughter Candice poses as the Kaplan heiress, rising to the top of the social hierarchy as Hailey is bullied at the bottom.",,,https://www.reelshort.com/movie/true-heiress-vs-fake-queen-bee-6746aa92c946defef504c9ff,2026-07-14,needs_check,scrape_2026-07-14
the-billionaire-s-baby-bargain,the-billionaire-s-baby-bargain,The Billionaire's Baby Bargain,,,,complete,romance,contract-marriage;billionaire;pregnancy,"To save her dying sister, Amelia agrees to billionaire Nathan's contract marriage of no sex, no love, and a baby by insemination; unexpected feelings complicate the deal.",,,https://www.reelshort.com/movie/the-billionaire-s-baby-bargain-65e2926c872ac65ef703e4c2,2026-07-14,needs_check,scrape_2026-07-14
omg-i-got-married-in-vegas,omg-i-got-married-in-vegas,"OMG, I Got Married in Vegas!",,,,complete,romance,flash-marriage;mistaken-identity,"Runaway bride Emily and runaway groom William, unaware of who the other is, flee their own engagement and end up married to each other in Vegas.",,,https://www.reelshort.com/movie/omg-i-got-married-in-vegas-66d76b7f92b035fea805be6a,2026-07-14,needs_check,scrape_2026-07-14
resisting-mr-lloyd-an-age-gap-romance,resisting-mr-lloyd-an-age-gap-romance,Resisting Mr. Lloyd: An Age Gap Romance,,,,complete,romance,age-gap;fake-relationship;hidden-identity;ceo,"Pressured to quit college and marry, Clarisse meets Lloyd Group CEO Austin, who offers money for a fake marriage to fulfill his grandmother's wish while hiding his true identity.",,,https://www.reelshort.com/movie/resisting-mr-lloyd-an-age-gap-romance-67195de648b72d8f950e0a66,2026-07-14,needs_check,scrape_2026-07-14
mommy-don-t-cry-daddy-is-sorry,mommy-don-t-cry-daddy-is-sorry,"Mommy Don't Cry, Daddy is Sorry",,,,complete,romance,revenge;hidden-identity;family-drama,"After his wife Sienna dies in a mental hospital, Wayne is fooled into taking home the wrong daughter; Sienna is alive, reborn as ruthless alter-ego Scarlett, hunting vengeance in her daughter's name.",,,https://www.reelshort.com/movie/mommy-don-t-cry-daddy-is-sorry-67ae6ad99eb79e96670c59df,2026-07-14,needs_check,scrape_2026-07-14
my-firefighter-fiancee-returns-as-a-billionaire,my-firefighter-fiancee-returns-as-a-billionaire,My Firefighter Fiance Returns as a Billionaire,,,,complete,romance,,"Presumed dead in a firefighting mission, Archer reappears at Alice's forced second wedding, now engaged to someone else.",,,https://www.reelshort.com/movie/my-firefighter-fianc%C3%A9-returns-as-a-billionaire-680756f542a99850b106f7ff,2026-07-14,needs_check,scrape_2026-07-14
sadness-knows-no-boundaries,sadness-knows-no-boundaries,Sadness Knows No Boundaries,,,,complete,romance,family-drama;divorce,Charlotte's daughter dies through her husband's negligence and favoritism; he refuses to believe her and makes her life hell believing she is hiding their daughter.,,,https://www.reelshort.com/movie/sadness-knows-no-boundaries-6858f9575bd2413a260a1eb2,2026-07-14,needs_check,scrape_2026-07-14
daisy-tucker-and-mr-nyc,daisy-tucker-and-mr-nyc,Daisy Tucker and Mr. NYC,,,,complete,romance,flash-marriage;boss-romance;small-town,"After a flash marriage, country girl Daisy is married to her new boss Hamilton Smith of Smith Media, with an evil VP scheming to destroy them before they confess their love.",,,https://www.reelshort.com/movie/daisy-tucker-and-mr-nyc-68955a832bc50c718b009d8d,2026-07-14,needs_check,scrape_2026-07-14
america-s-favorite-ex-husband,america-s-favorite-ex-husband,America's Favorite Ex-Husband,,,,complete,romance,divorce;second-chance;family-drama,"House husband Daniel, invisible beside his megastar wife, decides to divorce America's Sweetheart when an old flame returns to seduce her; she may realize too late what she lost.",,,https://www.reelshort.com/movie/america-s-favorite-ex-husband-68b9294ff4e5830a65025e3b,2026-07-14,needs_check,scrape_2026-07-14
someone-loved-is-never-lost,someone-loved-is-never-lost,Someone Loved is Never Lost,,,,complete,romance,amnesia;second-chance,"Seven years after losing her, Raphael Stone finds his wife Lucy alive but unable to move, speak, or remember him.",,,https://www.reelshort.com/movie/someone-loved-is-never-lost-68ec5fe750892c571f0509ae,2026-07-14,needs_check,scrape_2026-07-14
daddy-i-m-your-lucky-star,daddy-i-m-your-lucky-star,Daddy I'm Your Lucky Star!,,,,complete,romance,family-drama;billionaire,"Abandoned at five, lucky Lila is adopted by kind billionaire Jonathan, helps his silent son find his voice, and exposes the schemers who abandoned her.",,,https://www.reelshort.com/movie/daddy-i-m-your-lucky-star-69607a80f63b8b86be040acb,2026-07-14,needs_check,scrape_2026-07-14
do-not-disturb-lady-boss-in-disguise,do-not-disturb-lady-boss-in-disguise,Do Not Disturb: Lady Boss in Disguise!,,,,complete,romance,hidden-identity;heiress;workplace,"To become heiress of her family hotel chain, Violet Trenton goes undercover as a cleaning lady and takes out the troublemakers one by one, while sexy new COO Kasey Johnson may be more than an ally.",,,https://www.reelshort.com/movie/do-not-disturb-lady-boss-in-disguise-661992b57ed0ed7b060fe66d,2026-07-14,needs_check,scrape_2026-07-14
the-billionaire-s-accidental-bride,the-billionaire-s-accidental-bride,The Billionaire's Accidental Bride,,,,complete,romance,flash-marriage;billionaire,"Stood up and cheated on by her fiance, Claire marries stranger Christian Cross on the spot while both are stranded.",,,https://www.reelshort.com/movie/the-billionaire-s-accidental-bride-663ef6dd1854caf0b808865a,2026-07-14,needs_check,scrape_2026-07-14
break-my-heart-again,break-my-heart-again,Break My Heart Again,,,,complete,romance,second-chance;boss-romance;revenge,"Lucie broke up with Felix to protect him from her debtors; years later he is wealthy, she is his employee, and he vows to make her feel his pain until he learns her true intentions.",,,https://www.reelshort.com/movie/break-my-heart-again-66c7bb55536dbafa2b007c10,2026-07-14,needs_check,scrape_2026-07-14
my-dear-brother-is-obsessed-with-me,my-dear-brother-is-obsessed-with-me,My Dear Brother is Obsessed With Me,,,,complete,romance,fake-relationship;forbidden-romance,Clyde hires actress Violet to play his long-lost sister for his father's dying wish; living together they develop a forbidden romance an antagonist tries to destroy.,,,https://www.reelshort.com/movie/my-dear-brother-is-obsessed-with-me-66da3de48f52b8896302151b,2026-07-14,needs_check,scrape_2026-07-14
runaway-single-mom-safe-in-his-arms,runaway-single-mom-safe-in-his-arms,"Runaway Single Mom, Safe in His Arms",,,,complete,romance,billionaire;family-drama,"Single mom Maria escapes abuse and fights to protect her daughter through factory struggles, family betrayal and unexpected love when billionaire Levi enters her life.",,,https://www.reelshort.com/movie/runaway-single-mom-safe-in-his-arms-69d91acc42de055eb105ab81,2026-07-14,needs_check,scrape_2026-07-14
breaking-the-ice,breaking-the-ice,Breaking the Ice,,,,complete,romance,sports-romance;pregnancy;second-chance,Hockey hopeful Easton wins a scholarship and his mother pressures pregnant Caroline to get rid of the baby; love wins and the couple reunites.,,,https://www.reelshort.com/movie/breaking-the-ice-66996eb1edbf48944f029af1,2026-07-14,needs_check,scrape_2026-07-14
omg-i-m-surrounded-by-three-princes,omg-i-m-surrounded-by-three-princes,"OMG, I'm Surrounded by Three Princes",,2024,,complete,romance,secret-heiress;hidden-identity;forbidden-romance,"Betrayed street vendor Erin is secretly the long-lost princess, but her best friend claims her identity; Prince Charles repeatedly protects her and feelings grow for her supposed brother.",,,https://www.reelshort.com/movie/omg-i-m-surrounded-by-three-princes-6711d208d4469126fc0608cb,2026-07-14,needs_check,scrape_2026-07-14
the-nurse-s-secret-marriage,the-nurse-s-secret-marriage,The Nurse's Secret Marriage,,2024,,complete,romance,contract-marriage;hidden-identity;ceo,Nurse Aria contract-marries billionaire Mason sight unseen for her mother's operation; three years later neither recognizes the other as they fall in love.,,,https://www.reelshort.com/movie/the-nurse-s-secret-marriage-673e689e02ccf968fa07bde5,2026-07-14,needs_check,scrape_2026-07-14
found-a-homeless-billionaire-husband-for-christmas,found-a-homeless-billionaire-husband-for-christmas,Found A Homeless Billionaire Husband for Christmas,,,,complete,romance,secret-billionaire;flash-marriage;holiday-romance;revenge,"Humiliated by her fiance, Victoria marries Simon, a homeless man she had been helping, unaware he is the billionaire CEO of the country's top Savage Group, then reclaims her dignity back home in Texas.",,,https://www.reelshort.com/movie/found-a-homeless-billionaire-husband-for-christmas-6752885d3d9eb9334300b6ca,2026-07-14,needs_check,scrape_2026-07-14
open-your-eyes-my-billionaire-husband,open-your-eyes-my-billionaire-husband,"Open Your Eyes, My Billionaire Husband",,,,complete,romance,contract-marriage;billionaire,"Desperate for her mother's medical bills, Hailey marries comatose billionaire Samuel Trent, who soon wakes to find himself engaged to a stranger.",,,https://www.reelshort.com/movie/open-your-eyes-my-billionaire-husband-678df762ecd01d2a7a0c77e3,2026-07-14,needs_check,scrape_2026-07-14
wings-of-fire-the-dragon-slayer-is-my-ex-lover,wings-of-fire-the-dragon-slayer-is-my-ex-lover,Wings of Fire: The Dragon Slayer Is My Ex-Lover,,,,complete,romance,secret-baby;second-chance,Freya left first love Tristan five years ago without telling him she had his child; now he returns as a dragon-slaying hero and she is his personal servant.,,,https://www.reelshort.com/movie/wings-of-fire-the-dragon-slayer-is-my-ex-lover-67ec442f9fa6f0fd480e06e3,2026-07-14,needs_check,scrape_2026-07-14
the-quarterback-s-first-love,the-quarterback-s-first-love,The Quarterback's First Love,,2025,,complete,romance,sports-romance;college-romance;second-chance,"After her quarterback fiance's betrayal, cheerleader Maddie is drawn to oddly familiar player Cameron while her ex, the cheer captain, and his mother plot against them.",,,https://www.reelshort.com/movie/the-quarterback-s-first-love-680755f6e2beaa8d5309d902,2026-07-14,needs_check,scrape_2026-07-14
how-to-kiss-a-vampire,how-to-kiss-a-vampire,How to Kiss a Vampire,,,,complete,romance,vampire;secret-baby;second-chance,"Eight years after Vincent abandoned her, single mom Ella is saved from a rooftop fall by a masked flying man; Vincent denies it but demands she move in for protection, and he may not be entirely human.",,,https://www.reelshort.com/movie/how-to-kiss-a-vampire-6825b360f80a554645009d35,2026-07-14,needs_check,scrape_2026-07-14
two-alphas-are-in-love-with-me,two-alphas-are-in-love-with-me,Two Alphas Are in Love with Me,,,,complete,romance,werewolf;one-night-stand;pregnancy;fake-relationship,"Wolfless Lyra, abused captive of Alpha Roland for seven years, becomes pregnant by Moonshadow Alpha Alfred after a one-night stand; he rescues her and they form a Fake Luna contract.",,,https://www.reelshort.com/movie/two-alphas-are-in-love-with-me-6825b40ac6c46f2b17055695,2026-07-14,needs_check,scrape_2026-07-14
ceo-s-twins-want-mommy-back,ceo-s-twins-want-mommy-back,CEO's Twins Want Mommy Back,,2025,,complete,romance,flash-marriage;ceo;family-drama,Cassandra's flash marriage with a loving husband and cute stepkids seems too good to be true; her troubled past closes in and the kids seem strangely familiar.,,,https://www.reelshort.com/movie/ceo-s-twins-want-mommy-back-6858fa90d5ac8f5f560d3c25,2026-07-14,needs_check,scrape_2026-07-14
baby-just-say-yes,baby-just-say-yes,"Baby, Just Say Yes!",,,,complete,romance,contract-marriage;heiress,"Betrayed by her fiance and stepsister, Victoria needs a husband to claim her inheritance and contract-marries her one-time saviour Teddy; genuine feelings complicate the agreement.",,,https://www.reelshort.com/movie/baby-just-say-yes-661059f6bdedd53ba70ee527,2026-07-14,needs_check,scrape_2026-07-14
the-alpha-queen-returns,the-alpha-queen-returns,The Alpha Queen Returns,,,,complete,romance,werewolf;hidden-identity;revenge;family-drama,"Wolf Queen Jessica, living as a plain healer, discovers the pack she sent her daughter to has enslaved and abused her; she saves her daughter, exposes the pack's treason and restores peace.",,,https://www.reelshort.com/movie/the-alpha-queen-returns-67195eed48968355f0008bb8,2026-07-14,needs_check,scrape_2026-07-14
the-virgin-and-the-billionaire,the-virgin-and-the-billionaire,The Virgin and The Billionaire,,,,complete,romance,cinderella;billionaire,"Demoted to maid and substitute bride in her father's house, Cindy finds unexpected love when billionaire Charles Kane falls for her.",,,https://www.reelshort.com/movie/the-virgin-and-the-billionaire-66d768a0bc767102400f59ce,2026-07-14,needs_check,scrape_2026-07-14
her-secret-crusader,her-secret-crusader,Her Secret Crusader,,,,complete,romance,hidden-identity,"City hero Lyndon hid his identity to protect girlfriend Tatiana; when the Sewer Rat returns to attack City Hall and Tatiana's betrayal is revealed, Lyndon becomes a hero again.",,,https://www.reelshort.com/movie/her-secret-crusader-66e88101c281fb5f2f06ff4a,2026-07-14,needs_check,scrape_2026-07-14
the-quarterback-next-door,the-quarterback-next-door,The Quarterback Next Door,,,,complete,romance,sports-romance;college-romance;childhood-sweethearts,"Invisible Skylar is paired with her crush and childhood best friend Jamie on a project, then forced to live with him when his house burns down, while his crazy ex plots against them.",,,https://www.reelshort.com/movie/the-quarterback-next-door-6753b6ca3fc663ea500b579a,2026-07-14,needs_check,scrape_2026-07-14
i-m-in-love-with-my-brother-s-best-friend,i-m-in-love-with-my-brother-s-best-friend,I'm In Love With My Brother's Best Friend?!,,2025,,complete,romance,brothers-best-friend;college-romance;childhood-sweethearts,"Catching her boyfriend cheating in freshman year, Kaitlyn moves into her brother's apartment with his grad-student best friend Cole as her childhood crush reignites. Based on the Tapas novel.",,,https://www.reelshort.com/movie/i-m-in-love-with-my-brother-s-best-friend-680755cdaf8e465a6c0e8e91,2026-07-14,needs_check,scrape_2026-07-14
breaking-the-deal-with-my-hockey-bad-boy,breaking-the-deal-with-my-hockey-bad-boy,Breaking the Deal with My Hockey Bad Boy,,,,complete,romance,fake-relationship;stepbrother;sports-romance;bad-boy,"Jane's secret crush on her stepbrother is known only to hockey bad boy Zach, who fakes a relationship with her to protect her secret and slowly heals her heart.",,,https://www.reelshort.com/movie/breaking-the-deal-with-my-hockey-bad-boy-6825b18899955153a60f7327,2026-07-14,needs_check,scrape_2026-07-14
don-t-miss-me-when-i-m-gone,don-t-miss-me-when-i-m-gone,Don't Miss Me When I'm Gone,,2025,,complete,romance,family-drama;second-chance,"Orphaned and raised with the Miller brothers, she expects to end up with one of them until the maid's daughter moves in and her heart is broken; after she leaves, they lose their minds trying to find her.",,,https://www.reelshort.com/movie/don-t-miss-me-when-i-m-gone-6825b4807cc7bf22e3085e15,2026-07-14,needs_check,scrape_2026-07-14
sleep-with-me-mortal,sleep-with-me-mortal,"Sleep with Me, Mortal!",,,,complete,romance,college-romance;fake-relationship,"Naive witch Astrid leaves her all-female coven for a co-ed school seeking masculine energy, striking a deal with blind, handsome Nate: cure his sight and he will do anything she asks.",,,https://www.reelshort.com/movie/sleep-with-me-mortal-68c0cabeabd4f6e6ea08fe93,2026-07-14,needs_check,scrape_2026-07-14
sweet-wild-bride-of-mine,sweet-wild-bride-of-mine,Sweet Wild Bride of Mine,,,,complete,romance,amnesia;hidden-identity;flash-marriage;billionaire,"Billionaire Eliza survives a murder attempt, wakes with amnesia, and marries Justin, a stranger faking a disability who is also secretly a billionaire; when her memory returns she reclaims her company.",,,https://www.reelshort.com/movie/sweet-wild-bride-of-mine-68fad4c3ae2a8190890bbdf1,2026-07-14,needs_check,scrape_2026-07-14
my-sister-is-the-warlord-queen,my-sister-is-the-warlord-queen,My Sister Is the Warlord Queen,,,,complete,romance,hidden-identity;revenge;family-drama,"At her sister's engagement party, undercover agent Catherine is ridiculed as a janitor until her sister is betrayed, and Catherine reveals herself as the Warlord Queen.",,,https://www.reelshort.com/movie/my-sister-is-the-warlord-queen-694b2440aef92798df032b95,2026-07-14,needs_check,scrape_2026-07-14
to-my-romeo-with-love,to-my-romeo-with-love,"To My Romeo, with Love",,,,complete,romance,childhood-sweethearts;friends-to-lovers,"Childhood best friends Penny and Mason finally fall in love, but after their first night together Penny is diagnosed with cancer and pushes him away to spare him.",,,https://www.reelshort.com/movie/to-my-romeo-with-love-690be20bffab2ea5a40fe66b,2026-07-14,needs_check,scrape_2026-07-14
the-billionaire-s-masquerade,the-billionaire-s-masquerade,The Billionaire's Masquerade,,,,complete,romance,contract-marriage;secret-billionaire;heiress,"To claim her late father's inheritance Shelby must marry, so she weds poor stranger Griffin, unaware he is a billionaire who has admired her since a chance meeting three years ago.",,,https://www.reelshort.com/movie/the-billionaire-s-masquerade-66a0210f5d109f94d1095bf0,2026-07-14,needs_check,scrape_2026-07-14
i-swapped-bodies-with-my-nemesis,i-swapped-bodies-with-my-nemesis,I Swapped Bodies with My Nemesis,,,,complete,romance,body-swap;enemies-to-lovers,"Forced into an arranged marriage they both despise, Nick and Lexey have their souls switched by Cupid and must live in each other's bodies.",,,https://www.reelshort.com/movie/i-swapped-bodies-with-my-nemesis-66b3cfd9e7ea6a5f90077298,2026-07-14,needs_check,scrape_2026-07-14
fix-you,fix-you,Fix You,,,,complete,romance,bad-boy;sports-romance;dark-romance,"With her family broke and her sweetheart turned violent, Olivia is rescued by rising boxer Bash McDaniels, who must choose between his dreams and saving her as danger closes in.",,,https://www.reelshort.com/movie/fix-you-69701887c4f8492dc30528bf,2026-07-14,needs_check,scrape_2026-07-14
bound-to-the-rebel-wolf,bound-to-the-rebel-wolf,Bound to the Rebel Wolf,,,,complete,romance,werewolf;fated-mates;enemies-to-lovers,"Alpha princess Maeve enters the kingdom's brutal war college and finds a fated bond with Saxon Blackmoor, the most powerful wolf there and her sworn enemy.",,,https://www.reelshort.com/movie/bound-to-the-rebel-wolf-690d4f2bc93a882dd301aa1a,2026-07-14,needs_check,scrape_2026-07-14
the-summer-my-heart-stopped,the-summer-my-heart-stopped,The Summer My Heart Stopped,,,,complete,romance,friends-to-lovers;second-chance,"Dying senior Isabel plans to confess to best friend Alex, but a misunderstanding ruins their friendship; ten years later Alex finds her vlogs and learns a truth that changes his world.",,,https://www.reelshort.com/movie/the-summer-my-heart-stopped-69b9e726e7069f23f9031a37,2026-07-14,needs_check,scrape_2026-07-14
a-fated-encounter,a-fated-encounter,A Fated Encounter,,,,complete,romance,contract-marriage;hidden-identity,"Forced to take her sister's place and marry Tommy Anderson to save the family business, Emma finds him handsome and wealthy and falls for him despite the contract.",,,https://www.reelshort.com/movie/a-fated-encounter-6705d1252ef5b887d50193c8,2026-07-14,needs_check,scrape_2026-07-14
mommy-i-got-you-a-date,mommy-i-got-you-a-date,"Mommy, I Got You A Date",,,,complete,romance,secret-baby;second-chance;family-drama,"Annie left imprisoned Liam under pressure from the wealthy Holland family, hiding her pregnancy; six years later heir Liam wins her back through their son Henry.",,,https://www.reelshort.com/movie/mommy-i-got-you-a-date-674e2cd5f97c5cc4d4030f73,2026-07-14,needs_check,scrape_2026-07-14
the-gourmet-ceo-turns-out-to-be-my-baby-s-dad,the-gourmet-ceo-turns-out-to-be-my-baby-s-dad,The Gourmet CEO Turns out to Be My Baby's Dad,,,,complete,romance,one-night-stand;secret-baby;ceo,"Betrayed by family, Skylar has an unexpected one-night stand with Klein Group CEO Maxwell and returns six years later with his son, opening a restaurant fate steers him into.",,,https://www.reelshort.com/movie/the-gourmet-ceo-turns-out-to-be-my-baby-s-dad-67887e2258dceeba8200f5b7,2026-07-14,needs_check,scrape_2026-07-14
the-heiress-is-back-three-brothers-on-their-knees,the-heiress-is-back-three-brothers-on-their-knees,"The Heiress Is Back, Three Brothers on Their Knees",,,,complete,romance,heiress;family-drama;revenge,"Genius heiress Blair returns home to find her mother beaten and branded a homewrecker by her three brothers, with the maid installed as the new Mrs. Beaumont; she fights to expose the betrayal.",,,https://www.reelshort.com/movie/the-heiress-is-back-three-brothers-on-their-knees-69698269996bd9e2d300c73a,2026-07-14,needs_check,scrape_2026-07-14
the-beggar-king-returns,the-beggar-king-returns,The Beggar King Returns,,,,complete,romance,hidden-identity;rags-to-riches;revenge,"Poisoned and pushed overboard by his fiancee, Wall Street tycoon Ryan loses his voice and identity, is rescued by kind mute Sophia, and returns to take back his empire when her family is threatened.",,,https://www.reelshort.com/movie/the-beggar-king-returns-68d5a14b7ce82927ad0108bd,2026-07-14,needs_check,scrape_2026-07-14
she-s-not-homeless-she-s-healer-goddess,she-s-not-homeless-she-s-healer-goddess,"She's Not Homeless, She's Healer Goddess!",,,,complete,romance,hidden-identity;cinderella,"Accused of being a gold digger for her hobo clothes, Trixie is the only one who can cure the nation's richest war hero, Lysander Armstrong, and win his heart.",,,https://www.reelshort.com/movie/she-s-not-homeless-she-s-healer-goddess-69c0a350789b84f50b0c232c,2026-07-14,needs_check,scrape_2026-07-14
ace-the-golf-king-s-reconquest,ace-the-golf-king-s-reconquest,Ace! The Golf King's Reconquest,,2026,,,drama,,"Lion, once the Grand Slam champion of golf, disappears after losing his wife to care for his family, until the game calls him back.",,,https://www.reelshort.com/movie/ace-the-golf-king-s-reconquest-69d91aac64eba2f58b0ac51c,2026-07-15,needs_check,harvest_2026-07-15
the-imperfect-marriage,the-imperfect-marriage,The Imperfect Marriage,,2026,,,drama,,"Based on the novel by L. Steele. After her fiance cheats, Vivian flash-marries a hot silver fox, only to realize he is her ex's dad. The deal: two weeks of marriage.",,,https://www.reelshort.com/movie/the-imperfect-marriage-6a06477801cfe98f60076ded,2026-07-15,needs_check,harvest_2026-07-15
chained-to-my-prison-guard,chained-to-my-prison-guard,Chained to My Prison Guard,,2025,,,drama,,"Scarlett Jameson, imprisoned for a crime she didn't commit, lands on the radar of prison guard Jack Rayne, whose taunts may hide a darker motive.",,,https://www.reelshort.com/movie/chained-to-my-prison-guard-67a722f87606666f2606a276,2026-07-15,needs_check,harvest_2026-07-15
the-hitwoman,the-hitwoman,The Hitwoman,,2026,,,drama,,"Assassin Madeline Archer doesn't want bloodshed, but if she stops killing her little sister dies. Forced to take a contract on Hayden Kent, she runs into problems.",,,https://www.reelshort.com/movie/the-hitwoman-6972c116134e8c31690e1c3d,2026-07-15,needs_check,harvest_2026-07-15
the-billionaire-married-a-homeless-girl,the-billionaire-married-a-homeless-girl,The Billionaire Married a Homeless Girl,,2025,,,drama,,After a one-night stand Adele Moore becomes pregnant; her father kicks her out and with nowhere to go her life takes a billionaire turn.,,,https://www.reelshort.com/movie/the-billionaire-married-a-homeless-girl-68afbd239ced05f58b0e83b5,2026-07-15,needs_check,harvest_2026-07-15
i-had-a-baby-without-you,i-had-a-baby-without-you,I Had a Baby without You,,2025,,,drama,,"Five years ago curvy waitress Scarlett saved Brandon's life and spent one night with him before vanishing. Now she's back, unrecognizable, and he's a recluse.",,,https://www.reelshort.com/movie/i-had-a-baby-without-you-68b9292947761f335e0a7b74,2026-07-15,needs_check,harvest_2026-07-15
daddy-forgot-but-mommy-remembers,daddy-forgot-but-mommy-remembers,"Daddy Forgot, but Mommy Remembers",,2025,,,drama,,"Framed and stripped of her freedom, her child, and her love, Nicole returns seven years later as a nanny in the very house that destroyed her.",,,https://www.reelshort.com/movie/daddy-forgot-but-mommy-remembers-6927f387c28b39cdd0021af3,2026-07-15,needs_check,harvest_2026-07-15
pucked-in-the-friend-zone,pucked-in-the-friend-zone,Pucked in the Friend Zone,,2026,,,drama,,"Reese unexpectedly reunites with ex-best friend and first love Grayson four years after he broke her heart, and agrees to pose as his fake girlfriend.",,,https://www.reelshort.com/movie/pucked-in-the-friend-zone-69b34991f0e1f3b6030b4974,2026-07-15,needs_check,harvest_2026-07-15
cancel-the-wedding-queen-moves-on,cancel-the-wedding-queen-moves-on,"Cancel the Wedding, Queen Moves On",,2026,,,drama,,"Maria's perfect life crumbles at her fiance's affair; taking control, she is drawn to Alec, her long-lost ex and now a billionaire.",,,https://www.reelshort.com/movie/cancel-the-wedding-queen-moves-on-699a3b6b850d2b8e8208155f,2026-07-15,needs_check,harvest_2026-07-15
in-love-with-a-single-farmer-daddy,in-love-with-a-single-farmer-daddy,In Love with a Single Farmer-Daddy,,2025,,,drama,,"Natalie is married off by her conniving family to rural farmer Rhett, single father to a mute daughter, and finds herself shunned yet slowly winning hearts.",,,https://www.reelshort.com/movie/in-love-with-a-single-farmer-daddy-6937760c0dbba5e2ee0f4a43,2026-07-15,needs_check,harvest_2026-07-15
trapped-in-the-boss-s-embrace,trapped-in-the-boss-s-embrace,Trapped in the Boss's Embrace,,2025,,needs_check,drama,,"Secretly married to college sweetheart Desmond for ten years, Beatrice discovers his affair with a wealthy socialite and everything changes.",,,https://www.reelshort.com/movie/trapped-in-the-boss-s-embrace-68c8fb3a7d022d88b000f0eb,2026-07-15,needs_check,harvest_2026-07-15
wake-up-my-billionaire-husband,wake-up-my-billionaire-husband,"Wake Up, My Billionaire Husband",,2026,,,drama,,"Sofia, desperate to pay her mother's medical bills, agrees to marry comatose billionaire Samuel.",,,https://www.reelshort.com/movie/wake-up-my-billionaire-husband-6a02bf5a631c8645a00bc6c9,2026-07-15,needs_check,harvest_2026-07-15
how-to-tame-a-silver-fox,how-to-tame-a-silver-fox,How to Tame a Silver Fox,,2025,,needs_check,,,"Yale senior Harper Reeves plots Operation Seduction to drive out her dad's overprotective best friend and business partner Chris Collins, until his rescues make her fall for the silver fox herself.",,,https://www.reelshort.com/movie/how-to-tame-a-silver-fox-67e1dd63c794efd25f08931a,2026-07-16,scraped,reelshort_actor_tag
recipe-for-faking-a-marriage,recipe-for-faking-a-marriage,Recipe For Faking A Marriage,,2024,,needs_check,,,"Poor orphan Every enters a contract marriage with billionaire Julian Barlow, engineered by his eight-year-old daughter Bella, and it blossoms into real love.",,,https://www.reelshort.com/movie/recipe-for-faking-a-marriage-66f5f06f6cde23c2ea0054b1,2026-07-16,scraped,reelshort_actor_tag
baby-trapped-by-the-billionaire,baby-trapped-by-the-billionaire,Baby Trapped by the Billionaire,,2024,,needs_check,,,"To fund her sister's cancer treatment, Katie contracts to bear a mysterious billionaire's heir; proving the relationship to grandpa pulls her and Mr. Brandt closer despite the no-falling-in-love rule.",,,https://www.reelshort.com/movie/baby-trapped-by-the-billionaire-6771c32e13a2b724ec0341ca,2026-07-16,scraped,reelshort_actor_tag
his-one-and-only-love,his-one-and-only-love,His One and Only Love,,2024,,needs_check,,,"Abused and overworked Lyla saves gentle president Leo, becomes unexpectedly pregnant, and their blossoming love is tested by the conspiracy hidden in her past.",,,https://www.reelshort.com/movie/his-one-and-only-love-66f5f5c7f0ebf2edf50638f7,2026-07-16,scraped,reelshort_actor_tag
accidental-triplets-with-the-billionaire,accidental-triplets-with-the-billionaire,Accidental Triplets with the Billionaire,,2025,,needs_check,,,"Needing an heir, Oscar turns to surrogacy but his sperm is accidentally given to Phoebe during a gynecological exam; a contract marriage follows to keep the baby.",,,https://www.reelshort.com/movie/accidental-triplets-with-the-billionaire-680756c56f852549da0789fa,2026-07-16,scraped,reelshort_actor_tag
fake-married-to-my-billionaire-ceo,fake-married-to-my-billionaire-ceo,Fake Married to My Billionaire CEO,,2024,,needs_check,,,"After Sam's ex cheats and steals her money, Calladan Vandalay marries her at first sight, hiding that he's secretly the country's richest billionaire.",,,https://www.reelshort.com/movie/fake-married-to-my-billionaire-ceo-676101d414d3779d1608fc2a,2026-07-16,scraped,reelshort_actor_tag
mic-drop-diva,mic-drop-diva,Mic Drop Diva,,2026,,needs_check,,,"High-school sophomore Ivy, a secretly wealthy heiress with an angelic voice, is used as a voice double by fake bestie Vanessa; after catching her boyfriend cheating with Vanessa she reclaims her spotlight with quarterback Blake.",,,https://www.reelshort.com/movie/mic-drop-diva-69c0a20b1dd01a41ad0fdca1,2026-07-16,scraped,reelshort_actor_tag
my-double-proxy-marriage-to-a-billionaire,my-double-proxy-marriage-to-a-billionaire,My Double Proxy Marriage to a Billionaire,,2026,,needs_check,,,"Family outcast Ella Davenport arrives to sign arranged-marriage papers and discovers she's already married to smoking-hot CEO Cole McBride, whose grandmother adores her.",,,https://www.reelshort.com/movie/my-double-proxy-marriage-to-a-billionaire-69c0a327d4ec88728c059554,2026-07-16,scraped,reelshort_actor_tag
never-divorce-a-secret-billionaire-heiress,never-divorce-a-secret-billionaire-heiress,Never Divorce a Secret Billionaire Heiress,,2023,,needs_check,,,"Joyce served as a walking blood bank for her sister Selena as the price of forcing Tristan to marry her; after losing her baby with no support, the secret heiress demands a divorce.",,,https://www.reelshort.com/movie/never-divorce-a-secret-billionaire-heiress-64596abc36c69c470e326454,2026-07-16,scraped,reelshort_actor_tag
fatal-temptation-between-two-alphas,fatal-temptation-between-two-alphas,Fatal Temptation: Between Two Alphas,,2023,,needs_check,,,"Pregnant Mia becomes a rogue when a witch's spell turns her chosen mate Cameron away; expelled, she meets her fated mate, but neither alpha will share.",,,https://www.reelshort.com/movie/fatal-temptation-between-two-alphas-64e451f080feb1543116ac03,2026-07-16,scraped,reelshort_actor_tag
cyberking-reclaims-his-throne,cyberking-reclaims-his-throne,Cyberking Reclaims His Throne,,2026,,needs_check,,,"World's top hacker Max Lennox is shoved off a roof by his girlfriend just before exposing Pentagon secrets; amnesiac but still a genius, he rebuilds with programmer Suki Ruskin.",,,https://www.reelshort.com/movie/cyberking-reclaims-his-throne-69d91ae716a9a0df82015651,2026-07-16,scraped,reelshort_actor_tag
he-said-the-baby-was-too-expensive,he-said-the-baby-was-too-expensive,He Said the Baby Was Too Expensive,,2025,,needs_check,,,"Heiress Iris gave up her fortune for average-joe Dorian; heavily pregnant, she battles his controlling mother and spineless husband until her wealthy father appears.",,,https://www.reelshort.com/movie/he-said-the-baby-was-too-expensive-690305826deb145032038b86,2026-07-16,scraped,reelshort_actor_tag
when-forever-fell-apart,when-forever-fell-apart,When Forever Fell Apart,,2026,,needs_check,,,"For their sixth anniversary Natalie discovers Ethan gave his stored sperm to his ex so she could have his baby, and he moves the woman and child into their home; Natalie walks.",,,https://www.reelshort.com/movie/when-forever-fell-apart-69d91bcb9f6094e9250565a5,2026-07-16,scraped,reelshort_actor_tag
we-never-said-we-went-bankrupt,we-never-said-we-went-bankrupt,We Never Said We Went Bankrupt!,,2026,,needs_check,,,"False bankruptcy rumors turn the allied Wilson and Meyer families against the powerful York family, who endure abuse at a wedding and a 70th birthday before striking back.",,,https://www.reelshort.com/movie/we-never-said-we-went-bankrupt-6a2b00f6fb5ac0e51f0b87c9,2026-07-16,scraped,reelshort_actor_tag
love-me-bite-me,love-me-bite-me,Love Me Bite Me,,2023,,needs_check,,,"The centuries-old alliance between the Tepes and Velda vampire families is threatened by human waitress Sammantha Evans at Club Dracula, owned by Alarik Tepes.",,,https://www.reelshort.com/movie/love-me-bite-me-6569a83afba584271b020cf3,2026-07-16,scraped,reelshort_actor_tag
when-love-walked-away,when-love-walked-away,When Love Walked Away,,2025,,needs_check,,,"Adrian leaves daughter Esther in an overheating car while with his childhood sweetheart; ignoring her call for help, it falls to mother Claire to race to save her.",,,https://www.reelshort.com/movie/when-love-walked-away-68c8fb62a739599c100ed1bf,2026-07-16,scraped,reelshort_actor_tag
you-are-my-destiny,you-are-my-destiny,You Are My Destiny,,2025,,needs_check,,,"Giselle saved blind Logan and gave him her corneas, vanishing pregnant just as he regained sight; five years later the Hale heir searches for the wife and ailing daughter he doesn't know are his.",,,https://www.reelshort.com/movie/you-are-my-destiny-689bfb20fb303ed5f209d2ad,2026-07-16,scraped,reelshort_actor_tag
daddy-help-mommy-s-in-prison,daddy-help-mommy-s-in-prison,Daddy Help! Mommy's in Prison!,,2025,,needs_check,,,A powerful CEO discovers his daughter and frees his college sweetheart from prison; together they overcome years of resentment to protect their child from those who tore them apart.,,,https://www.reelshort.com/movie/daddy-help-mommy-s-in-prison-6858f9ac22406d541c068b15,2026-07-16,scraped,reelshort_actor_tag
my-ex-is-in-the-navy-seals,my-ex-is-in-the-navy-seals,My Ex is in the Navy SEALs,,2025,,needs_check,,,"Regina broke up with Julian six years ago to protect his military career from her debt; they reunite abroad, he a commanding officer, she a single mother.",,,https://www.reelshort.com/movie/my-ex-is-in-the-navy-seals-67f791456da404e5a7033b88,2026-07-16,scraped,reelshort_actor_tag
secret-life-of-a-mafia-sweetheart,secret-life-of-a-mafia-sweetheart,Secret Life of A Mafia Sweetheart,,2025,,needs_check,,,Two heirs of rival mafia families fall in love under false identities; a gang war leaves Alyssa with amnesia and Dylan poses as her fiance amid betrayal and buried family secrets.,,,https://www.reelshort.com/movie/secret-life-of-a-mafia-sweetheart-68a2c80901fe3f9d300fbb61,2026-07-16,scraped,reelshort_actor_tag
sisterhood-of-lies-pledge-for-revenge,sisterhood-of-lies-pledge-for-revenge,Sisterhood of Lies: Pledge for Revenge,,2026,,needs_check,,,"After Ashlyn dies in a sorority hazing accident, identical twin June takes her place to get revenge on the real killers: Ashlyn's back-stabbing bestie and her frat-bro boyfriend.",,,https://www.reelshort.com/movie/sisterhood-of-lies-pledge-for-revenge-69607aa7d673539a86043fab,2026-07-16,scraped,reelshort_actor_tag
leaving-my-alpha-husband-in-ice-cold-regret,leaving-my-alpha-husband-in-ice-cold-regret,Leaving My Alpha Husband in Ice Cold Regret,,2025,,needs_check,,,"Discovering her alpha husband cheating, Snow offers herself as ritual sacrifice to be eternally frozen, breaking their mate-bond and leaving him ice cold regret.",,,https://www.reelshort.com/movie/leaving-my-alpha-husband-in-ice-cold-regret-68debf6fbf5a7addc00ff0d6,2026-07-16,scraped,reelshort_actor_tag
watch-out-she-s-a-mastermind-heiress,watch-out-she-s-a-mastermind-heiress,Watch Out! She's a Mastermind Heiress,,2025,,needs_check,,,"Countryside-raised Isabella Patton returns to her wealthy birth family, outduels scheming cousin Eliza with genius medical and tech skills, and stays just out of fiance Oliver Bates's grasp.",,,https://www.reelshort.com/movie/watch-out-she-s-a-mastermind-heiress-680755a6421039a0780bd65b,2026-07-16,scraped,reelshort_actor_tag
pregnant-and-married-to-a-movie-star,pregnant-and-married-to-a-movie-star,Pregnant and Married to a Movie Star,,2024,,needs_check,,,Pregnant broke bartender Lacey poses as noncommittal movie star Chris Powell's fiancee; neither knows the baby she carries is actually his.,,,https://www.reelshort.com/movie/pregnant-and-married-to-a-movie-star-6711d0cee738e6558f0d586d,2026-07-16,scraped,reelshort_actor_tag
when-love-comes-too-late,when-love-comes-too-late,When Love Comes Too Late,,2025,,needs_check,,,"A car accident leaves Winnie's daughter dying; her doctor husband Aaron saves his first love Monica's child instead, and Winnie seeks justice against interference and distrust.",,,https://www.reelshort.com/movie/when-love-comes-too-late-6777604056f3bf9f960768eb,2026-07-16,scraped,reelshort_actor_tag
ms-swan-teach-me-love,ms-swan-teach-me-love,Ms. Swan Teach Me Love,,2024,,needs_check,,,"Teacher Charlotte Swan starts fresh at St. James Academy until school king Timothy Wolfe decides he wants her; forbidden, taboo, and she has a dark secret that could ruin them both.",,,https://www.reelshort.com/movie/ms-swan-teach-me-love-65ab3d607b0faf2ea60e30b3,2026-07-16,scraped,reelshort_actor_tag
the-fashion-queen-returns,the-fashion-queen-returns,The Fashion Queen Returns,,,,complete,drama,hidden identity;revenge;second chance,A former fashion icon living quietly as a housewife is dragged back to the center of her empire by a betrayal at the Grand Maple Gala.,,,https://www.reelshort.com/movie/the-fashion-queen-returns-68ad71a3071da44c3a0119d4,2026-07-17,needs_check,reelshort_tag_scrape_2026-07-17
song-of-my-mother-s-tears,song-of-my-mother-s-tears,Song of My Mother's Tears,,,,complete,drama,family drama;revenge,"Told she doesn't have long to live, Faith searches for her lost family, only to discover they are the people she hates most.",,,https://www.reelshort.com/movie/song-of-my-mother-s-tears-6807560ea0676c7b8705a8ba,2026-07-17,needs_check,reelshort_tag_scrape_2026-07-17
the-return-of-the-lost-heiress,the-return-of-the-lost-heiress,The Return of the Lost Heiress,,,,complete,drama,secret heiress;family drama;hidden identity,"Mute since her father's death, lost heiress Lana is adopted by a loving stranger while her birth family unknowingly mistreats the daughter they keep searching for.",,,https://www.reelshort.com/movie/the-return-of-the-lost-heiress-6687891c34e7ae159c0b5f90,2026-07-17,needs_check,reelshort_tag_scrape_2026-07-17
what-doesn-t-break-me,what-doesn-t-break-me,What Doesn't Break Me,,,,complete,drama,rags to riches;revenge;family drama;hidden identity,"Sold by her father and brother instead of going to MIT, Taylor escapes, becomes the richest person in the world, and returns to settle the score.",,,https://www.reelshort.com/movie/what-doesn-t-break-me-68a8097158b3889a170408d0,2026-07-17,needs_check,reelshort_tag_scrape_2026-07-17
when-love-s-sorrow-plays-again,when-love-s-sorrow-plays-again,When Love's Sorrow Plays Again,,,,complete,drama,family drama;second chance;divorce,Famous violinist Christy is forced to betray the love of her life; years later an illness steals her music while her daughter schemes to bring Daddy back.,,,https://www.reelshort.com/movie/when-love-s-sorrow-plays-again-697b24bc7b22e7c7a60b80c7,2026-07-17,needs_check,reelshort_tag_scrape_2026-07-17
fated-to-find-you,fated-to-find-you,Fated to Find You,,,,complete,drama,flash marriage;secret billionaire;pregnancy,A school janitor who saves a child from kidnapping flash-marries the girl's secret-billionaire father as betrayals and a vengeful ex circle their new family.,,,https://www.reelshort.com/movie/fated-to-find-you-68ec5ffa149d9ee25f0cb4c0,2026-07-17,needs_check,reelshort_tag_scrape_2026-07-17
obsessed-with-his-silent-bride,obsessed-with-his-silent-bride,Obsessed with His Silent Bride,,,,complete,drama,contract marriage;dark romance;family drama,Nonverbal Eva endures a marriage of duty to her childhood protector Declan while his mistress schemes to drive her out.,,,https://www.reelshort.com/movie/obsessed-with-his-silent-bride-6825b3f25b08ac3a230d912d,2026-07-17,needs_check,reelshort_tag_scrape_2026-07-17
take-me-hades-i-m-dying,take-me-hades-i-m-dying,"Take Me Hades, I'm Dying",,,,complete,drama,contract lovers;dark romance;hidden identity,"Dying Dakota offers a contract relationship to untouchable billionaire Jaxon, then breaks his heart to protect him as a masked stranger keeps saving her.",,,https://www.reelshort.com/movie/take-me-hades-i-m-dying-67ae68f7a5716fd81b03d7ee,2026-07-17,needs_check,reelshort_tag_scrape_2026-07-17
don-t-mess-with-a-prep-school-princess,don-t-mess-with-a-prep-school-princess,Don't Mess with a Prep School Princess,,,,complete,drama,secret heiress;revenge;enemies to lovers,"Released from juvie after taking the fall for her boyfriend, Sierra learns she is the long-lost Lancaster heiress and returns to Hawthorne Prep to reclaim her place from a fake best friend.",,,https://www.reelshort.com/movie/don-t-mess-with-a-prep-school-princess-68a77fac1967059c3c0457d2,2026-07-17,needs_check,reelshort_tag_scrape_2026-07-17
pregnant-by-my-ex-s-professor-dad,pregnant-by-my-ex-s-professor-dad,Pregnant by My Ex's Professor Dad,,,,complete,drama,one night stand;forbidden romance;pregnancy,"After catching her boyfriend cheating, Emily has a one-night stand with a stranger who turns out to be her new professor, then discovers she is pregnant.",,,https://www.reelshort.com/movie/pregnant-by-my-ex-s-professor-dad-6825b313f981e578730e6174,2026-07-17,needs_check,reelshort_tag_scrape_2026-07-17
fated-to-my-homeless-billionaire-alpha,fated-to-my-homeless-billionaire-alpha,Fated to My Homeless Billionaire Alpha,,,,complete,drama,werewolf;hidden identity;flash marriage,Betrayed Elara impulsively marries a humble homeless man who is secretly the billionaire Alpha of the werewolf world.,,,https://www.reelshort.com/movie/fated-to-my-homeless-billionaire-alpha-6858f8db4a5c5789ed06bcf3,2026-07-17,needs_check,reelshort_tag_scrape_2026-07-17
the-virgin-stripper-and-the-hockey-star,the-virgin-stripper-and-the-hockey-star,The Virgin Stripper and the Hockey Star,,,,complete,drama,hidden identity;enemies to lovers;sports romance,Quiet student Jenna secretly strips to pay her sister's medical bills until her cocky hockey-star school rival walks into the club.,,,https://www.reelshort.com/movie/the-virgin-stripper-and-the-hockey-star-68075696ff120dcf2509b0ef,2026-07-17,needs_check,reelshort_tag_scrape_2026-07-17
never-reject-a-wolf-princess,never-reject-a-wolf-princess,Never Reject A Wolf Princess,,,,complete,drama,werewolf;rejected mate;second chance,"Wolf princess Lia chooses love over duty, is betrayed and rejected by her mate, then bonds with a secretive new mate and sets out to reclaim her throne.",,,https://www.reelshort.com/movie/never-reject-a-wolf-princess-6825b34d0453c1c8c408726f,2026-07-17,needs_check,reelshort_tag_scrape_2026-07-17
go-away-stepmom-you-have-it-all-wrong,go-away-stepmom-you-have-it-all-wrong,"Go Away Stepmom, You Have It All Wrong!",,,,complete,drama,family drama;mistaken identity,"Rushing home for her father's wedding, Margaret is mistaken by her new stepmother for his mistress and must expose the woman's true colors.",,,https://www.reelshort.com/movie/go-away-stepmom-you-have-it-all-wrong-67e1da0ec6bf558b4b07891d,2026-07-17,needs_check,reelshort_tag_scrape_2026-07-17
claimed-by-my-ex-s-alpha-brother,claimed-by-my-ex-s-alpha-brother,Claimed by My Ex's Alpha Brother,,,,complete,drama,werewolf;fated mates;second chance,"Wolfless Ella catches her Beta mate cheating and falls into the arms of his brother, the newly returned Alpha who has loved her since childhood.",,,https://www.reelshort.com/movie/claimed-by-my-ex-s-alpha-brother-68c8fb89d2ab7e32980fb28b,2026-07-17,needs_check,reelshort_tag_scrape_2026-07-17
your-love-broke-my-heart,your-love-broke-my-heart,Your Love Broke My Heart,,,,complete,drama,family drama;revenge,Cherished princess Seraph is forced to grow up overnight when her husband and best friend help her sister's killer escape justice.,,,https://www.reelshort.com/movie/your-love-broke-my-heart-69fb80fb9feee94a1309f720,2026-07-17,needs_check,reelshort_tag_scrape_2026-07-17
accidental-surrogate-for-alpha,accidental-surrogate-for-alpha,Accidental Surrogate for Alpha,,,,complete,drama,werewolf;pregnancy;hidden identity,"Ella, a Luna werewolf hidden from herself, seeks motherhood through insemination and is accidentally given the sperm of an Alpha wolf.",,,https://www.reelshort.com/movie/accidental-surrogate-for-alpha-66f1c911931a04169b0d263d,2026-07-17,needs_check,reelshort_tag_scrape_2026-07-17
